Plant_ID,Nameplate,Technology,Latitude,Longitude,State,Year
2,45.0,Hydroelectric,33.458665,-87.35682299999999,AL,2001
4,75.0,Hydroelectric,32.583889,-86.283056,AL,2001
11,24.3,Hydroelectric,33.7845,-86.0524,AL,2001
12,40.0,Hydroelectric,33.2553,-87.4495,AL,2001
13,25.0,Hydroelectric,32.6189,-86.2548,AL,2001
14,42.7,Hydroelectric,33.425878000000004,-86.337547,AL,2001
15,29.5,Hydroelectric,32.9633,-86.5187,AL,2001
16,33.0,Hydroelectric,32.680394,-85.91144200000001,AL,2001
17,20.0,Hydroelectric,32.806025,-86.44489200000001,AL,2001
18,78.7,Hydroelectric,33.9406,-87.1077,AL,2001
19,25.0,Hydroelectric,32.535436,-85.887614,AL,2001
20,29.2,Hydroelectric,34.172142,-85.75380600000001,AL,2001
21,16.0,Hydroelectric,32.5743,-85.8901,AL,2001
34,12.1,Hydroelectric,39.134259,-120.953341,CA,2001
38,33.7,Hydroelectric,32.100881,-87.399767,AL,2001
48,28.8,Hydroelectric,34.421271999999995,-86.39393100000001,AL,2001
49,35.1,Hydroelectric,34.8069,-87.3819,AL,2001
53,1.2,Hydroelectric,31.4033,-86.479469,AL,2001
55,1.6,Hydroelectric,31.361146,-86.518307,AL,2001
62,1.8,Hydroelectric,58.3176,-134.101,AK,2001
63,0.8,Hydroelectric,58.3107,-134.4174,AK,2001
65,6.7,Hydroelectric,58.3269,-134.4631,AK,2001
66,0.4,Hydroelectric,59.4545,-135.3131,AK,2001
70,11.2,Hydroelectric,55.61389200000001,-131.35416999999998,AK,2001
71,11.2,Hydroelectric,57.6861,-152.895,AK,2001
72,10.0,Hydroelectric,34.01135,-118.4168,CA,2001
77,22.2,Hydroelectric,61.475211,-149.15008999999998,AK,2001
78,23.5,Hydroelectric,58.1415,-133.737,AK,2001
84,1.4,Hydroelectric,55.344641,-131.633425,AK,2001
88,2.3,Hydroelectric,41.949,-74.2063,NY,2001
91,1.6,Hydroelectric,56.811040000000006,-132.957091,AK,2001
93,3.0,Hydroelectric,57.0516,-135.2297,AK,2001
100,1.4,Hydroelectric,33.466477000000005,-111.78106399999999,AZ,2001
104,199.8,Hydroelectric,37.147926,-119.2567,CA,2001
112,1.8,Hydroelectric,34.348054100000006,-111.6974256,AZ,2001
115,1.6,Hydroelectric,34.4029,-111.617341,AZ,2001
143,3.0,Hydroelectric,33.439375,-111.94605200000001,AZ,2001
145,9.9,Hydroelectric,33.5907,-111.344,AZ,2001
148,9.2,Hydroelectric,33.5536,-111.4431,AZ,2001
149,36.0,Hydroelectric,33.671104,-111.161786,AZ,2001
150,10.4,Hydroelectric,33.5661,-111.536,AZ,2001
152,48.0,Hydroelectric,35.197044,-114.570669,AZ,2001
153,165.0,Hydroelectric,36.936614,-111.48387199999999,AZ,2001
154,2.4,Hydroelectric,36.01551,-114.738006,NV,2001
155,5.0,Hydroelectric,33.1747831,-110.52787749999999,AZ,2001
159,1.5,Hydroelectric,40.493631,-111.312506,UT,2001
161,1.1,Hydroelectric,37.611461,-120.594678,CA,2001
162,0.5,Hydroelectric,37.621536,-120.746247,CA,2001
166,28.0,Hydroelectric,34.4425,-93.0262,AR,2001
174,3.0,Hydroelectric,34.4272,-92.8941,AR,2001
180,1.0,Hydroelectric,40.45193,-121.86215,CA,2001
182,56.0,Hydroelectric,36.421507,-93.847373,AR,2001
187,40.0,Hydroelectric,34.211913,-93.110963,AR,2001
188,48.0,Hydroelectric,35.5207,-91.9953,AR,2001
195,8.5,Hydroelectric,34.148427000000005,-93.715168,AR,2001
196,40.2,Hydroelectric,36.2491,-92.2401,AR,2001
197,37.5,Hydroelectric,34.570984,-93.194425,AR,2001
198,40.0,Hydroelectric,36.3635,-92.5763,AR,2001
199,40.2,Hydroelectric,35.2503,-93.1686,AR,2001
214,1.0,Hydroelectric,39.215979,-120.80355,CA,2001
215,1.4,Hydroelectric,38.071944,-120.53944399999999,CA,2001
217,31.0,Hydroelectric,36.909137,-119.08771200000001,CA,2001
218,48.6,Hydroelectric,36.908907,-119.087556,CA,2001
219,117.9,Hydroelectric,40.007445000000004,-121.24943799999998,CA,2001
220,33.0,Hydroelectric,39.91062,-121.327692,CA,2001
221,40.0,Hydroelectric,40.175656,-121.19066299999999,CA,2001
222,23.8,Hydroelectric,40.085476,-121.14824099999998,CA,2001
223,60.3,Hydroelectric,40.085997,-121.149373,CA,2001
224,5.5,Hydroelectric,39.788877,-121.65738300000001,CA,2001
225,7.0,Hydroelectric,38.771764000000005,-120.813239,CA,2001
226,1.0,Hydroelectric,39.605043,-121.600525,CA,2001
227,12.1,Hydroelectric,40.404645,-122.121904,CA,2001
229,0.7,Hydroelectric,40.570817,-122.02093,CA,2001
231,36.9,Hydroelectric,39.825907,-121.409687,CA,2001
232,18.4,Hydroelectric,39.869265000000006,-121.631819,CA,2001
233,5.5,Hydroelectric,39.29807,-120.8443,CA,2001
235,12.0,Hydroelectric,39.256873,-120.76743700000002,CA,2001
236,53.1,Hydroelectric,39.257388,-120.767046,CA,2001
237,22.0,Hydroelectric,39.216985,-120.83558700000002,CA,2001
238,10.0,Hydroelectric,38.793574,-120.619152,CA,2001
239,32.3,Hydroelectric,38.330985,-120.669901,CA,2001
240,67.5,Hydroelectric,36.927424,-119.02025,CA,2001
241,13.6,Hydroelectric,38.956984999999996,-121.041932,CA,2001
242,2.6,Hydroelectric,40.268712,-121.089479,CA,2001
243,10.0,Hydroelectric,40.929297,-121.54446200000001,CA,2001
244,10.0,Hydroelectric,40.960675,-121.548657,CA,2001
248,7.6,Hydroelectric,40.400988,-121.965502,CA,2001
249,85.1,Hydroelectric,40.992295,-121.975182,CA,2001
250,11.3,Hydroelectric,37.092486,-119.552826,CA,2001
253,1.5,Hydroelectric,40.677827,-121.873253,CA,2001
254,48.6,Hydroelectric,36.888166,-119.158777,CA,2001
255,1.0,Hydroelectric,39.698755,-121.57096000000001,CA,2001
258,3.4,Hydroelectric,37.52301,-120.32990500000001,CA,2001
261,3.6,Hydroelectric,38.147093,-120.446396,CA,2001
262,10.2,Hydroelectric,39.2364,-121.27174099999999,CA,2001
264,1.6,Hydroelectric,38.032103,-120.32653700000002,CA,2001
265,34.6,Hydroelectric,40.990840000000006,-121.49824299999999,CA,2001
266,26.7,Hydroelectric,40.997448,-121.748139,CA,2001
267,51.7,Hydroelectric,40.986360999999995,-121.84943999999999,CA,2001
268,38.2,Hydroelectric,40.986197,-121.977594,CA,2001
269,39.6,Hydroelectric,40.922568,-121.992906,CA,2001
270,57.6,Hydroelectric,40.847462,-121.990798,CA,2001
272,71.4,Hydroelectric,39.722892,-121.46981399999999,CA,2001
274,4.4,Hydroelectric,39.361785999999995,-123.12793400000001,CA,2001
275,62.3,Hydroelectric,39.90521,-121.345226,CA,2001
276,2.8,Hydroelectric,37.203233000000004,-119.49750800000001,CA,2001
277,4.0,Hydroelectric,37.253718,-119.519352,CA,2001
279,12.3,Hydroelectric,38.497914,-120.21811000000001,CA,2001
280,6.7,Hydroelectric,40.395396000000005,-121.879186,CA,2001
281,7.0,Hydroelectric,39.324613,-120.644807,CA,2001
282,3.7,Hydroelectric,39.324591999999996,-120.645375,CA,2001
283,6.6,Hydroelectric,39.337679,-120.63546699999999,CA,2001
284,6.0,Hydroelectric,38.18653,-120.11168,CA,2001
285,81.9,Hydroelectric,38.139047999999995,-120.370325,CA,2001
287,25.5,Hydroelectric,38.449290999999995,-120.492645,CA,2001
289,4.2,Hydroelectric,36.163076000000004,-118.707104,CA,2001
290,8.5,Hydroelectric,40.459111,-121.86708,CA,2001
291,13.6,Hydroelectric,38.420898,-120.549572,CA,2001
292,13.6,Hydroelectric,38.889862,-121.098525,CA,2001
293,3.2,Hydroelectric,37.15105,-119.504724,CA,2001
294,10.0,Hydroelectric,41.978914,-122.33531699999999,CA,2001
295,13.5,Hydroelectric,41.975716,-122.358127,CA,2001
296,0.5,Hydroelectric,41.985605,-122.360455,CA,2001
297,18.0,Hydroelectric,41.932981,-122.43678,CA,2001
313,9.3,Hydroelectric,56.986284,-135.12275,AK,2001
314,2.0,Hydroelectric,32.7241102,-115.3825408,CA,2001
316,9.0,Hydroelectric,34.0969,-118.4795,CA,2001
317,19.8,Hydroelectric,37.2042,-119.2396,CA,2001
318,15.7,Hydroelectric,37.2,-119.3069,CA,2001
319,34.0,Hydroelectric,37.148517,-119.386623,CA,2001
320,50.0,Hydroelectric,37.139,-119.4898,CA,2001
321,30.0,Hydroelectric,37.2096,-119.3289,CA,2001
322,55.0,Hydroelectric,37.200062,-119.30681000000001,CA,2001
323,2.5,Hydroelectric,37.273581,-118.57333899999999,CA,2001
324,2.7,Hydroelectric,37.301961999999996,-118.531957,CA,2001
325,1.0,Hydroelectric,37.323035,-118.50171399999999,CA,2001
326,2.0,Hydroelectric,37.3344,-118.4797,CA,2001
327,1.6,Hydroelectric,37.3499,-118.4628,CA,2001
328,3.0,Hydroelectric,35.588069,-118.524804,CA,2001
332,1.4,Hydroelectric,34.155162,-117.39711899999999,CA,2001
336,1.8,Hydroelectric,36.461326,-118.87988,CA,2001
337,2.2,Hydroelectric,36.465066,-118.862023,CA,2001
338,2.4,Hydroelectric,36.486059000000004,-118.835645,CA,2001
339,20.5,Hydroelectric,35.776185,-118.436233,CA,2001
340,6.5,Hydroelectric,35.460303,-118.77958999999998,CA,2001
342,1.5,Hydroelectric,38.042729,-119.17201499999999,CA,2001
344,95.0,Hydroelectric,37.220302000000004,-119.33798300000001,CA,2001
353,11.2,Hydroelectric,37.944237,-119.2161,CA,2001
354,10.8,Hydroelectric,37.257045,-119.15893600000001,CA,2001
357,4.4,Hydroelectric,37.766954,-119.12328400000001,CA,2001
361,0.8,Hydroelectric,34.14522,-117.058481,CA,2001
363,3.1,Hydroelectric,34.107245,-117.09909099999999,CA,2001
365,1.2,Hydroelectric,36.13568,-118.788868,CA,2001
376,7.5,Hydroelectric,38.2569,-120.8507,CA,2001
378,0.7,Hydroelectric,47.287206,-93.498266,MN,2001
380,82.5,Hydroelectric,37.896649,-119.9675,CA,2001
381,50.0,Hydroelectric,37.809388,-120.299254,CA,2001
382,38.8,Hydroelectric,37.877666999999995,-119.95323300000001,CA,2001
385,5.0,Hydroelectric,32.705434999999994,-115.030975,CA,2001
386,4.8,Hydroelectric,32.705428000000005,-115.126103,CA,2001
387,10.0,Hydroelectric,32.705341,-115.219067,CA,2001
388,16.5,Hydroelectric,32.736641999999996,-114.713858,CA,2001
390,6.0,Hydroelectric,61.0828,-146.3033,AK,2001
391,3.2,Hydroelectric,37.142795,-118.324075,CA,2001
392,212.5,Hydroelectric,34.587237,-118.65663799999999,CA,2001
393,37.5,Hydroelectric,37.437921,-118.55698799999999,CA,2001
394,1.2,Hydroelectric,36.443421,-118.04388999999999,CA,2001
396,11.0,Hydroelectric,34.318248,-118.494449,CA,2001
397,2.0,Hydroelectric,34.103931,-118.413377,CA,2001
398,2.8,Hydroelectric,36.109722,-117.956667,CA,2001
401,37.5,Hydroelectric,37.51,-118.569167,CA,2001
402,3.2,Hydroelectric,37.414159999999995,-118.52388899999998,CA,2001
403,2.8,Hydroelectric,34.260527,-118.385531,CA,2001
407,37.5,Hydroelectric,37.546036,-118.590001,CA,2001
409,94.0,Hydroelectric,37.584345,-120.26858999999999,CA,2001
410,9.0,Hydroelectric,37.522065000000005,-120.31008999999999,CA,2001
412,44.0,Hydroelectric,39.177903,-120.890856,CA,2001
413,27.3,Hydroelectric,39.2184,-120.8352,CA,2001
414,10.0,Hydroelectric,38.202569,-120.07698300000001,CA,2001
415,54.0,Hydroelectric,38.246656,-120.034072,CA,2001
416,8.5,Hydroelectric,37.876111,-120.605,CA,2001
417,29.0,Hydroelectric,39.551012,-121.278784,CA,2001
418,10.0,Hydroelectric,39.531784,-121.491247,CA,2001
419,52.0,Hydroelectric,39.553810999999996,-121.204077,CA,2001
424,15.3,Hydroelectric,39.077971000000005,-120.40606899999999,CA,2001
425,61.2,Hydroelectric,39.024801000000004,-120.596383,CA,2001
426,6.1,Hydroelectric,39.003372,-120.746651,CA,2001
427,79.2,Hydroelectric,39.000999,-120.725053,CA,2001
428,2.7,Hydroelectric,37.477838,-120.444492,CA,2001
430,77.0,Hydroelectric,38.82881,-120.537089,CA,2001
431,77.0,Hydroelectric,38.83405,-120.53176,CA,2001
432,82.0,Hydroelectric,38.982696999999995,-120.324503,CA,2001
433,29.5,Hydroelectric,38.896511,-120.37829199999999,CA,2001
435,115.0,Hydroelectric,38.765336,-120.78736599999999,CA,2001
436,59.8,Hydroelectric,34.2056,-117.3344,CA,2001
437,117.0,Hydroelectric,39.542984999999994,-121.49218799999998,CA,2001
438,32.6,Hydroelectric,39.514893,-121.630077,CA,2001
439,45.5,Hydroelectric,37.695994,-120.420152,CA,2001
440,1.2,Hydroelectric,37.6697,-120.4436,CA,2001
441,66.2,Hydroelectric,38.70675,-121.15844299999999,CA,2001
442,77.2,Hydroelectric,40.646934,-122.62697299999999,CA,2001
443,39.0,Hydroelectric,40.611858000000005,-122.446441,CA,2001
444,6.7,Hydroelectric,38.63735,-121.220198,CA,2001
445,2.0,Hydroelectric,40.717455,-122.422274,CA,2001
446,4.2,Hydroelectric,37.098671,-121.04771799999999,CA,2001
447,30.0,Hydroelectric,34.295334000000004,-114.140222,CA,2001
448,53.0,Hydroelectric,37.0692,-121.0772,CA,2001
450,90.0,Hydroelectric,40.628115,-122.467509,CA,2001
451,70.0,Hydroelectric,40.797296,-122.762553,CA,2001
454,157.5,Hydroelectric,39.330833,-121.191666,CA,2001
455,46.7,Hydroelectric,39.238996,-121.27040900000001,CA,2001
457,0.7,Hydroelectric,33.166185,-117.01642,CA,2001
467,150.0,Hydroelectric,39.6551,-105.7088,CO,2001
472,0.7,Hydroelectric,39.6919,-105.6978,CO,2001
473,1.5,Hydroelectric,39.101375,-108.35019399999999,CO,2001
476,7.2,Hydroelectric,39.57013,-107.226876,CO,2001
479,3.0,Hydroelectric,33.8343,-117.4971,CA,2001
480,3.0,Hydroelectric,33.85895,-117.6106,CA,2001
481,8.0,Hydroelectric,33.8361,-117.1831,CA,2001
482,2.0,Hydroelectric,34.004721999999994,-118.09917,CA,2001
483,3.1,Hydroelectric,33.924929999999996,-117.95517,CA,2001
484,6.0,Hydroelectric,33.3944,-117.1889,CA,2001
487,4.1,Hydroelectric,33.9001,-117.82905,CA,2001
489,4.4,Hydroelectric,37.6508,-120.4706,CA,2001
494,2.5,Hydroelectric,38.855465,-104.933062,CO,2001
495,1.2,Hydroelectric,38.841353999999995,-104.973802,CO,2001
499,0.6,Hydroelectric,37.7050159,-120.6429991,CA,2001
505,7.5,Hydroelectric,43.417871999999996,-108.177545,WY,2001
512,43.2,Hydroelectric,38.453191,-107.337483,CO,2001
513,15.0,Hydroelectric,40.376771000000005,-105.50966499999998,CO,2001
514,86.6,Hydroelectric,38.451753000000004,-107.539299,CO,2001
515,4.5,Hydroelectric,40.421031,-105.223804,CO,2001
516,13.0,Hydroelectric,39.878805,-106.332725,CO,2001
517,8.1,Hydroelectric,40.34408,-105.53430800000001,CO,2001
518,43.0,Hydroelectric,40.364996000000005,-105.23603200000001,CO,2001
519,38.2,Hydroelectric,40.365056,-105.325074,CO,2001
520,4.8,Hydroelectric,39.193659999999994,-108.04408799999999,CO,2001
521,8.6,Hydroelectric,39.143808,-108.004777,CO,2001
531,6.8,Hydroelectric,39.048802,-121.316966,CA,2001
534,11.5,Hydroelectric,38.850283000000005,-120.381883,CA,2001
537,3.6,Hydroelectric,38.2268,-121.0245,CA,2001
539,3.5,Hydroelectric,41.5826,-73.4349,CT,2001
541,1.2,Hydroelectric,41.659046000000004,-73.491984,CT,2001
547,211.5,Hydroelectric,42.610683,-72.471643,MA,2001
551,2.0,Hydroelectric,41.6651,-72.1221,CT,2001
552,37.2,Hydroelectric,41.44842,-73.295321,CT,2001
553,7.5,Hydroelectric,41.3833,-73.1714,CT,2001
554,0.4,Hydroelectric,41.5725,-72.0458,CT,2001
557,1.0,Hydroelectric,41.555425,-72.041829,CT,2001
559,4.0,Hydroelectric,41.915312,-72.693616,CT,2001
560,3.0,Hydroelectric,41.957271999999996,-73.369297,CT,2001
579,3.2,Hydroelectric,41.828814,-74.131877,NY,2001
583,1.4,Hydroelectric,41.538955,-72.050936,CT,2001
584,15.0,Hydroelectric,36.8061,-107.6131,NM,2001
585,1.9,Hydroelectric,32.711611,-114.94266599999999,CA,2001
586,2.4,Hydroelectric,32.699451,-115.28245,CA,2001
622,16.8,Hydroelectric,47.699444,-121.78222199999999,WA,2001
625,8.2,Hydroelectric,42.9126,-73.6805,NY,2001
626,1.4,Hydroelectric,40.075309999999995,-121.16143000000001,CA,2001
632,12.7,Hydroelectric,38.835182,-121.092982,CA,2001
650,1.0,Hydroelectric,41.0851,-73.7748,NY,2001
674,0.8,Hydroelectric,43.219017,-108.787681,WY,2001
678,0.9,Hydroelectric,44.625282,-72.53085899999999,VT,2001
682,139.5,Hydroelectric,37.071846,-119.558008,CA,2001
690,10.0,Hydroelectric,30.708571000000003,-84.863869,FL,2001
701,0.7,Hydroelectric,33.839475,-83.30971600000001,GA,2001
702,15.0,Hydroelectric,32.661976,-85.09155200000001,GA,2001
704,3.0,Hydroelectric,34.7939,-83.5406,GA,2001
706,1.8,Hydroelectric,31.6028,-84.1376,GA,2001
707,3.0,Hydroelectric,32.60965,-85.0805,GA,2001
711,0.5,Hydroelectric,32.813836,-85.16778599999999,GA,2001
712,2.4,Hydroelectric,33.320772999999996,-83.841922,GA,2001
714,1.8,Hydroelectric,39.893491,-121.59338000000001,CA,2001
717,2.4,Hydroelectric,33.9684,-84.3827,GA,2001
718,2.4,Hydroelectric,34.755269,-83.501073,GA,2001
719,9.2,Hydroelectric,32.498791,-84.99558499999999,GA,2001
720,18.0,Hydroelectric,32.5163,-84.9969,GA,2001
722,22.5,Hydroelectric,33.1403,-83.2028,GA,2001
723,12.0,Hydroelectric,34.731332,-83.375475,GA,2001
724,8.0,Hydroelectric,34.7504,-83.4063,GA,2001
725,11.2,Hydroelectric,34.7133,-83.3519,GA,2001
729,7.5,Hydroelectric,34.681477,-83.342642,GA,2001
736,2.3,Hydroelectric,33.562644,-82.051242,GA,2001
745,24.0,Hydroelectric,34.10345,-117.5257,CA,2001
751,2.9,Hydroelectric,37.816447,-120.31203300000001,CA,2001
752,2.4,Hydroelectric,31.847696999999997,-83.941996,GA,2001
754,66.0,Hydroelectric,34.3564,-82.8219,GA,2001
757,22.0,Hydroelectric,34.883877000000005,-84.281589,GA,2001
758,15.0,Hydroelectric,34.959153,-84.08765,GA,2001
759,40.0,Hydroelectric,34.162279,-84.07736700000001,GA,2001
760,2.0,Hydroelectric,34.1637,-84.7282,GA,2001
761,32.5,Hydroelectric,31.6256,-85.0639,GA,2001
771,0.7,Hydroelectric,19.7264,-155.0908,HI,2001
774,0.7,Hydroelectric,19.7203,-155.1189,HI,2001
776,12.1,Hydroelectric,39.580413,-121.119479,CA,2001
785,50.0,Hydroelectric,41.2114,-101.6681,NE,2001
788,2.2,Hydroelectric,44.326335,-72.035894,VT,2001
790,23.4,Hydroelectric,43.420221000000005,-112.10185200000001,ID,2001
791,3.0,Hydroelectric,29.870559999999998,-98.194733,TX,2001
794,2.8,Hydroelectric,33.068473,-96.963806,TX,2001
796,1.2,Hydroelectric,33.3441274,-97.0546311,TX,2001
805,14.2,Hydroelectric,44.099461,-70.220851,ME,2001
808,4.5,Hydroelectric,43.3121,-75.109,NY,2001
809,30.7,Hydroelectric,42.7778,-112.8764,ID,2001
810,25.0,Hydroelectric,42.913786,-115.070986,ID,2001
811,90.1,Hydroelectric,44.8367,-116.8975,ID,2001
812,27.6,Hydroelectric,42.944869,-115.97785800000001,ID,2001
813,6.2,Hydroelectric,44.5256,-116.0483,ID,2001
814,2.5,Hydroelectric,42.66701,-114.78012,ID,2001
815,13.5,Hydroelectric,42.865783,-114.906172,ID,2001
816,15.0,Hydroelectric,42.841608,-114.90361100000001,ID,2001
818,0.6,Hydroelectric,42.5975,-114.4033,ID,2001
819,12.5,Hydroelectric,43.2435,-116.3791,ID,2001
820,1.0,Hydroelectric,42.740542,-114.836722,ID,2001
821,44.3,Hydroelectric,42.5892,-114.3553,ID,2001
822,9.0,Hydroelectric,42.767421999999996,-114.924692,ID,2001
823,8.2,Hydroelectric,42.864267,-114.88554199999999,ID,2001
825,2.8,Hydroelectric,44.07863,-111.497326,ID,2001
826,7.5,Hydroelectric,42.5369641,-111.7930244,ID,2001
827,11.0,Hydroelectric,42.53675,-111.793967,ID,2001
829,10.0,Hydroelectric,42.267773999999996,-111.748531,ID,2001
831,7.0,Hydroelectric,42.64455,-111.69668899999999,ID,2001
833,59.4,Hydroelectric,48.0858,-116.0573,ID,2001
835,2.2,Hydroelectric,47.7087,-116.9536,ID,2001
839,1.0,Hydroelectric,39.272108,-120.93250800000001,CA,2001
840,90.0,Hydroelectric,46.5143,-116.2977,ID,2001
841,8.0,Hydroelectric,43.491398,-112.04541,ID,2001
843,3.0,Hydroelectric,43.468398,-112.062602,ID,2001
844,8.0,Hydroelectric,43.552695,-112.050953,ID,2001
846,0.5,Hydroelectric,39.0096,-121.0591,CA,2001
850,44.1,Hydroelectric,43.334849,-111.205752,ID,2001
851,14.0,Hydroelectric,48.180245,-116.99859,ID,2001
899,0.9,Hydroelectric,41.509959,-90.534021,IL,2001
905,19.6,Hydroelectric,34.8158,-118.6867,CA,2001
917,9.4,Hydroelectric,46.982514,-119.257764,WA,2001
925,0.7,Hydroelectric,39.205622999999996,-111.33438100000001,UT,2001
955,1.9,Hydroelectric,41.3237,-89.1123,IL,2001
956,4.4,Hydroelectric,30.388516999999997,-84.646624,FL,2001
986,1.4,Hydroelectric,41.6928,-85.965,IN,2001
987,0.2,Hydroelectric,42.603349,-111.705304,ID,2001
989,0.6,Hydroelectric,41.665,-86.1322,IN,2001
998,2.0,Hydroelectric,40.7803,-86.76,IN,2001
999,4.4,Hydroelectric,40.6564,-86.7528,IN,2001
1005,21.6,Hydroelectric,38.7795,-84.964,IN,2001
1020,0.6,Hydroelectric,39.255911,-111.62149099999999,UT,2001
1067,0.6,Hydroelectric,42.069987,-90.69765699999999,IA,2001
1109,7.6,Hydroelectric,40.3965,-91.3719,IA,2001
1173,1.0,Hydroelectric,41.016346,-92.414873,IA,2001
1354,9.4,Hydroelectric,37.7864,-84.7028,KY,2001
1359,0.6,Hydroelectric,37.8297,-84.7247,KY,2001
1365,10.0,Hydroelectric,38.2832,-85.7792,KY,2001
1371,32.5,Hydroelectric,37.0217,-88.2211,KY,2001
1377,44.6,Hydroelectric,37.0131,-88.2692,KY,2001
1380,45.0,Hydroelectric,36.8691,-85.147,KY,2001
1469,2.5,Hydroelectric,44.5442,-68.4306,ME,2001
1472,0.6,Hydroelectric,45.2386,-68.6572,ME,2001
1475,1.6,Hydroelectric,44.942064,-68.64504000000001,ME,2001
1478,0.4,Hydroelectric,44.9094,-68.6833,ME,2001
1479,0.7,Hydroelectric,44.8319,-68.7028,ME,2001
1480,3.6,Hydroelectric,44.135332,-70.201499,ME,2001
1481,2.0,Hydroelectric,43.6136,-70.5525,ME,2001
1482,1.2,Hydroelectric,43.687688,-70.611553,ME,2001
1483,12.6,Hydroelectric,43.920486,-69.96781899999999,ME,2001
1486,6.6,Hydroelectric,43.4956,-70.4472,ME,2001
1487,0.4,Hydroelectric,44.092001,-70.221923,ME,2001
1488,0.6,Hydroelectric,44.134572,-70.203715,ME,2001
1490,0.7,Hydroelectric,44.544058,-69.6098559,ME,2001
1491,6.4,Hydroelectric,44.152854,-70.209378,ME,2001
1492,15.0,Hydroelectric,45.4592,-69.8658,ME,2001
1493,2.4,Hydroelectric,43.8525,-70.7969,ME,2001
1497,2.8,Hydroelectric,44.548544,-69.710404,ME,2001
1498,1.6,Hydroelectric,44.569872,-69.681841,ME,2001
1500,1.8,Hydroelectric,44.534397,-69.652232,ME,2001
1501,1.1,Hydroelectric,43.802517,-70.44991999999999,ME,2001
1504,0.7,Hydroelectric,44.629517,-69.583527,ME,2001
1505,8.4,Hydroelectric,43.5708,-70.5583,ME,2001
1508,0.6,Hydroelectric,43.66687,-70.602125,ME,2001
1509,3.0,Hydroelectric,44.763875,-69.71828000000001,ME,2001
1510,7.0,Hydroelectric,44.9589,-69.8703,ME,2001
1511,24.0,Hydroelectric,45.0703,-69.9064,ME,2001
1513,0.4,Hydroelectric,46.848,-68.0026,ME,2001
1516,1.5,Hydroelectric,46.556477,-68.325538,ME,2001
1567,10.0,Hydroelectric,39.523,-79.413,MD,2001
1574,36.0,Hydroelectric,39.6572,-76.1752,MD,2001
1603,0.5,Hydroelectric,42.2086,-72.6014,MA,2001
1604,0.8,Hydroelectric,42.1919,-72.6097,MA,2001
1605,15.0,Hydroelectric,42.2119,-72.6036,MA,2001
1607,0.8,Hydroelectric,42.200592,-72.594432,MA,2001
1620,17.5,Hydroelectric,42.691179999999996,-72.9561,MA,2001
1629,8.5,Hydroelectric,42.5875,-72.5793,MA,2001
1630,13.0,Hydroelectric,42.117112,-72.86466300000001,MA,2001
1634,0.4,Hydroelectric,42.5914,-72.7308,MA,2001
1637,1.6,Hydroelectric,42.157896,-72.48643,MA,2001
1638,1.8,Hydroelectric,42.176047,-72.409521,MA,2001
1693,4.0,Hydroelectric,44.561961,-83.804505,MI,2001
1694,0.4,Hydroelectric,42.563803,-85.953976,MI,2001
1698,6.6,Hydroelectric,44.259135,-85.939565,MI,2001
1700,3.0,Hydroelectric,44.472623999999996,-83.571947,MI,2001
1701,3.0,Hydroelectric,43.437321999999995,-85.664462,MI,2001
1704,3.0,Hydroelectric,44.455518,-83.67627399999999,MI,2001
1705,3.0,Hydroelectric,44.435381,-83.440722,MI,2001
1707,10.0,Hydroelectric,43.486618,-85.629866,MI,2001
1708,8.5,Hydroelectric,44.36286,-85.819968,MI,2001
1712,2.0,Hydroelectric,44.4631,-83.7208,MI,2001
1713,329.8,Hydroelectric,43.8942,-86.4447,MI,2001
1714,2.4,Hydroelectric,44.661114000000005,-84.131691,MI,2001
1716,1.6,Hydroelectric,43.613001000000004,-85.479469,MI,2001
1722,3.3,Hydroelectric,42.9528,-84.9025,MI,2001
1751,0.6,Hydroelectric,46.5162,-84.3729,MI,2001
1753,0.6,Hydroelectric,41.9439,-86.3289,MI,2001
1754,0.4,Hydroelectric,41.84,-86.3524,MI,2001
1756,0.6,Hydroelectric,46.5392,-90.3742,WI,2001
1757,0.6,Hydroelectric,46.564601,-90.416147,MI,2001
1760,0.3,Hydroelectric,41.8436,-85.6694,MI,2001
1761,0.4,Hydroelectric,41.8056,-85.7505,MI,2001
1773,1.1,Hydroelectric,46.7261,-88.6625,MI,2001
1774,6.0,Hydroelectric,46.6964,-89.2089,MI,2001
1775,1.3,Hydroelectric,45.9472,-88.2189,MI,2001
1776,2.6,Hydroelectric,45.5136,-87.8011,MI,2001
1777,2.8,Hydroelectric,46.1311,-88.225,MI,2001
1778,2.4,Hydroelectric,45.807956,-88.125121,MI,2001
1780,4.8,Hydroelectric,45.9553,-88.1958,MI,2001
1781,6.0,Hydroelectric,45.990781,-88.210514,MI,2001
1784,1.2,Hydroelectric,45.8719,-88.0694,MI,2001
1785,1.8,Hydroelectric,46.1592,-88.2353,MI,2001
1786,3.0,Hydroelectric,45.482084,-87.802178,MI,2001
1787,1.1,Hydroelectric,45.3547,-87.6494,MI,2001
1821,0.3,Hydroelectric,46.106278,-88.33453100000001,MI,2001
1842,1.6,Hydroelectric,46.571639000000005,-87.410455,MI,2001
1844,0.1,Hydroelectric,42.2717,-84.9411,MI,2001
1848,2.0,Hydroelectric,45.7889,-87.9058,MI,2001
1852,0.2,Hydroelectric,43.4019,-84.6014,MI,2001
1856,0.4,Hydroelectric,41.9711,-85.5381,MI,2001
1865,4.8,Hydroelectric,46.50625,-84.349267,MI,2001
1871,0.7,Hydroelectric,45.391984,-84.33325699999999,MI,2001
1892,6.0,Hydroelectric,45.8614,-94.3592,MN,2001
1894,12.0,Hydroelectric,46.666768,-92.293897,MN,2001
1895,0.8,Hydroelectric,46.726627,-92.448619,MN,2001
1896,0.8,Hydroelectric,45.975013,-94.36909399999999,MN,2001
1898,0.8,Hydroelectric,46.316033000000004,-94.484944,MN,2001
1899,0.4,Hydroelectric,46.709126,-92.42173299999999,MN,2001
1900,0.6,Hydroelectric,46.305,-94.3775,MN,2001
1901,13.0,Hydroelectric,46.655,-92.3333,MN,2001
1902,2.0,Hydroelectric,47.9344,-91.7639,MN,2001
1911,2.4,Hydroelectric,44.982359,-93.254163,MN,2001
1943,1.0,Hydroelectric,46.290641,-96.043252,MN,2001
1977,0.8,Hydroelectric,44.811685,-95.53455,MN,2001
1987,0.3,Hydroelectric,43.720026000000004,-91.977738,MN,2001
2007,1.3,Hydroelectric,44.212981,-92.480177,MN,2001
2009,0.5,Hydroelectric,44.5431,-95.1178,MN,2001
2014,0.3,Hydroelectric,48.114262,-96.179176,MN,2001
2099,1.5,Hydroelectric,37.9385,-92.847701,MO,2001
2106,27.5,Hydroelectric,38.2044,-92.6239,MO,2001
2108,204.0,Hydroelectric,37.520833,-90.834722,MO,2001
2124,45.2,Hydroelectric,37.6936,-93.7691,MO,2001
2166,50.0,Hydroelectric,36.597,-93.3086,MO,2001
2181,7.8,Hydroelectric,47.521330999999996,-111.26144199999999,MT,2001
2182,24.0,Hydroelectric,47.5375,-111.194969,MT,2001
2185,2.8,Hydroelectric,46.765941,-111.88734099999999,MT,2001
2186,9.6,Hydroelectric,46.9915,-112.0047,MT,2001
2188,70.5,Hydroelectric,47.6777,-114.2339,MT,2001
2190,0.6,Hydroelectric,46.8744527,-113.88715890000002,MT,2001
2191,22.5,Hydroelectric,47.581737,-111.060898,MT,2001
2192,5.0,Hydroelectric,45.225741,-109.76248899999999,MT,2001
2193,4.0,Hydroelectric,47.5344,-111.2045,MT,2001
2194,8.0,Hydroelectric,47.569939,-111.122546,MT,2001
2195,7.0,Hydroelectric,47.593154999999996,-115.35823700000002,MT,2001
2199,91.8,Hydroelectric,47.960689,-115.73395,MT,2001
2203,107.0,Hydroelectric,48.341521,-114.01443,MT,2001
2204,62.5,Hydroelectric,45.307406,-107.95751499999999,MT,2001
2227,9.0,Hydroelectric,40.959405,-100.39790500000001,NE,2001
2228,9.0,Hydroelectric,40.6936,-99.8178,NE,2001
2229,19.0,Hydroelectric,40.6839,-99.7447,NE,2001
2260,13.3,Hydroelectric,41.4639,-97.3283,NE,2001
2268,1.5,Hydroelectric,40.703511,-99.100753,NE,2001
2273,2.6,Hydroelectric,41.4872,-97.6078,NE,2001
2274,13.0,Hydroelectric,41.0864,-100.7594,NE,2001
2278,0.8,Hydroelectric,42.809337,-98.656283,NE,2001
2303,0.0,Hydroelectric,41.68138,-98.36756,NE,2001
2349,35.1,Hydroelectric,44.325053000000004,-72.000975,NH,2001
2351,35.1,Hydroelectric,44.3356,-71.8742,NH,2001
2352,2.0,Hydroelectric,42.77165,-72.5146,VT,2001
2353,16.2,Hydroelectric,43.667927,-72.30364200000001,VT,2001
2354,6.0,Hydroelectric,43.00223,-71.47208,NH,2001
2355,2.8,Hydroelectric,43.597849,-71.717683,NH,2001
2356,1.8,Hydroelectric,43.447219,-71.6579,NH,2001
2357,3.4,Hydroelectric,43.165524,-71.50944100000001,NH,2001
2358,0.4,Hydroelectric,44.408278,-71.19535400000001,NH,2001
2359,1.6,Hydroelectric,43.101698999999996,-71.465662,NH,2001
2360,3.2,Hydroelectric,43.11055,-71.94889,NH,2001
2368,15.0,Hydroelectric,44.469463,-71.178062,NH,2001
2465,0.2,Hydroelectric,36.725138,-108.19202,NM,2001
2481,2.4,Hydroelectric,41.8217,-74.0497,NY,2001
2483,25.0,Hydroelectric,41.8194,-74.6358,NY,2001
2486,4.8,Hydroelectric,41.848191,-74.046678,NY,2001
2522,1.2,Hydroelectric,44.695,-73.6219,NY,2001
2530,4.0,Hydroelectric,44.6389,-73.7492,NY,2001
2532,3.2,Hydroelectric,44.7053,-73.5967,NY,2001
2533,2.0,Hydroelectric,42.4684286,-77.1134163,NY,2001
2540,4.0,Hydroelectric,44.660338,-74.860265,NY,2001
2543,10.0,Hydroelectric,43.019113,-74.741349,NY,2001
2544,0.4,Hydroelectric,43.9275,-75.3331,NY,2001
2545,9.0,Hydroelectric,43.5317,-75.9531,NY,2001
2546,2.0,Hydroelectric,44.000122,-75.813151,NY,2001
2547,15.0,Hydroelectric,44.506474,-74.753442,NY,2001
2548,8.0,Hydroelectric,44.211407,-75.059441,NY,2001
2550,1.0,Hydroelectric,44.7533,-74.2169,NY,2001
2551,11.0,Hydroelectric,44.5839,-74.9583,NY,2001
2552,4.0,Hydroelectric,44.0381,-75.6806,NY,2001
2555,2.0,Hydroelectric,43.909714,-75.20083100000001,NY,2001
2556,0.5,Hydroelectric,44.638365,-75.49051999999999,NY,2001
2557,0.4,Hydroelectric,43.922831,-75.277923,NY,2001
2559,1.0,Hydroelectric,43.927535999999996,-75.288322,NY,2001
2560,1.0,Hydroelectric,43.0092,-74.5372,NY,2001
2561,4.0,Hydroelectric,44.7989,-74.9856,NY,2001
2562,24.0,Hydroelectric,44.527491,-74.849177,NY,2001
2563,2.0,Hydroelectric,44.2217,-75.0742,NY,2001
2564,1.0,Hydroelectric,44.4372,-73.9725,NY,2001
2566,0.8,Hydroelectric,43.32411,-76.418984,NY,2001
2568,0.5,Hydroelectric,43.2358,-78.3906,NY,2001
2569,5.0,Hydroelectric,43.323440999999995,-76.42084100000001,NY,2001
2571,4.0,Hydroelectric,44.6192,-74.9733,NY,2001
2572,1.8,Hydroelectric,44.0217,-75.6511,NY,2001
2573,0.5,Hydroelectric,44.6172,-75.4042,NY,2001
2574,1.8,Hydroelectric,43.4436,-76.4961,NY,2001
2575,2.0,Hydroelectric,43.9247,-75.3731,NY,2001
2576,2.0,Hydroelectric,44.5306,-74.9331,NY,2001
2578,3.0,Hydroelectric,43.170947999999996,-78.691551,NY,2001
2579,3.0,Hydroelectric,43.061017,-74.764347,NY,2001
2580,2.0,Hydroelectric,42.920374,-73.508886,NY,2001
2581,2.0,Hydroelectric,44.0117,-75.7967,NY,2001
2582,4.0,Hydroelectric,43.524103000000004,-75.970318,NY,2001
2583,1.0,Hydroelectric,44.877326000000004,-74.306288,NY,2001
2584,0.8,Hydroelectric,42.9028547,-73.6873405,NY,2001
2586,2.0,Hydroelectric,43.4003,-76.4739,NY,2001
2588,4.0,Hydroelectric,43.8719,-75.1364,NY,2001
2590,5.0,Hydroelectric,44.8053,-74.9975,NY,2001
2591,2.0,Hydroelectric,44.7439,-75.0042,NY,2001
2595,2.0,Hydroelectric,43.3161,-76.4153,NY,2001
2596,1.0,Hydroelectric,43.3156,-76.4172,NY,2001
2597,3.0,Hydroelectric,44.63,-74.8258,NY,2001
2598,1.5,Hydroelectric,44.233419,-74.56621700000001,NY,2001
2599,19.0,Hydroelectric,43.291861,-75.147734,NY,2001
2600,25.0,Hydroelectric,44.5178,-74.8228,NY,2001
2601,2.0,Hydroelectric,44.835,-74.9803,NY,2001
2604,1.0,Hydroelectric,44.2678,-75.1961,NY,2001
2605,8.0,Hydroelectric,42.78498,-73.707983,NY,2001
2606,4.0,Hydroelectric,42.8992,-73.5989,NY,2001
2607,2.0,Hydroelectric,43.096823,-73.582107,NY,2001
2608,1.0,Hydroelectric,43.9775,-75.8942,NY,2001
2609,7.0,Hydroelectric,43.2797,-73.7094,NY,2001
2610,8.0,Hydroelectric,43.9206,-75.2433,NY,2001
2611,21.0,Hydroelectric,44.5133,-74.8831,NY,2001
2612,9.0,Hydroelectric,43.2339,-73.7556,NY,2001
2613,26.0,Hydroelectric,44.4553,-74.7614,NY,2001
2614,36.0,Hydroelectric,43.2978,-73.8853,NY,2001
2616,2.0,Hydroelectric,44.642181,-74.976473,NY,2001
2617,1.0,Hydroelectric,43.927002,-75.321877,NY,2001
2619,6.8,Hydroelectric,43.2758,-75.1567,NY,2001
2621,2.0,Hydroelectric,43.4486,-76.5056,NY,2001
2623,2.0,Hydroelectric,43.3272,-78.2394,NY,2001
2624,1.0,Hydroelectric,44.7661,-74.9997,NY,2001
2627,18.0,Hydroelectric,41.8592,-74.5106,NY,2001
2630,4.0,Hydroelectric,41.537721999999995,-74.771383,NY,2001
2631,10.0,Hydroelectric,41.4625,-74.7578,NY,2001
2633,5.0,Hydroelectric,41.563323100000005,-74.7854389,NY,2001
2634,7.0,Hydroelectric,41.5717,-74.7828,NY,2001
2638,3.0,Hydroelectric,43.1522,-77.6098,NY,2001
2639,6.5,Hydroelectric,43.1611,-77.615,NY,2001
2641,12.8,Hydroelectric,43.1803,-77.6278,NY,2001
2646,0.6,Hydroelectric,42.5042,-78.0828,NY,2001
2685,2.8,Hydroelectric,42.8056,-73.72264,NY,2001
2686,2.8,Hydroelectric,42.80746,-73.84269,NY,2001
2691,250.0,Hydroelectric,42.4423,-74.4479,NY,2001
2692,20.0,Hydroelectric,43.1428,-79.0215,NY,2001
2693,200.0,Hydroelectric,43.1427,-79.0394,NY,2001
2694,57.0,Hydroelectric,45.0038,-74.7994,NY,2001
2700,2.7,Hydroelectric,43.975801000000004,-75.874669,NY,2001
2707,3.2,Hydroelectric,34.9833,-79.8775,NC,2001
2710,2.5,Hydroelectric,35.702527,-82.710571,NC,2001
2714,22.0,Hydroelectric,35.206741,-80.06483,NC,2001
2715,36.0,Hydroelectric,35.6946,-83.0503,NC,2001
2719,10.0,Hydroelectric,35.7428,-81.8372,NC,2001
2722,87.5,Hydroelectric,35.4346,-80.9588,NC,2001
2726,8.2,Hydroelectric,35.7575,-81.0894,NC,2001
2728,15.0,Hydroelectric,35.3339,-80.9867,NC,2001
2729,18.0,Hydroelectric,35.8214,-81.1922,NC,2001
2730,8.5,Hydroelectric,35.774234,-81.43777299999999,NC,2001
2735,2.7,Hydroelectric,35.334767,-82.186369,NC,2001
2736,2.5,Hydroelectric,35.245006,-82.389371,NC,2001
2741,9.0,Hydroelectric,35.242677,-83.072007,NC,2001
2743,6.3,Hydroelectric,35.2531,-83.0983,NC,2001
2745,0.5,Hydroelectric,35.2194,-83.3708,NC,2001
2746,0.6,Hydroelectric,35.0647,-83.9258,NC,2001
2747,43.2,Hydroelectric,35.2715,-83.6762,NC,2001
2749,10.8,Hydroelectric,35.2139,-83.0028,NC,2001
2750,21.6,Hydroelectric,35.233988000000004,-83.125398,NC,2001
2751,3.0,Hydroelectric,35.247011,-83.128111,NC,2001
2756,44.4,Hydroelectric,36.499147,-77.811543,NC,2001
2758,25.0,Hydroelectric,36.4789,-77.6722,NC,2001
2773,1.2,Hydroelectric,35.425909999999995,-82.184005,NC,2001
2778,10.0,Hydroelectric,35.019131,-83.791438,NC,2001
2779,81.0,Hydroelectric,35.4507,-83.805,NC,2001
2780,70.6,Hydroelectric,35.150864,-84.177533,NC,2001
2815,109.0,Hydroelectric,47.4945,-101.4115,ND,2001
2980,30.0,Hydroelectric,36.2317,-95.1822,OK,2001
2981,0.5,Hydroelectric,36.4675,-95.041389,OK,2001
2982,48.0,Hydroelectric,36.264685,-95.10355799999999,OK,2001
2984,35.0,Hydroelectric,36.1508,-96.2517,OK,2001
2985,27.5,Hydroelectric,35.34447,-94.7755,OK,2001
2987,20.0,Hydroelectric,35.5531,-95.1708,OK,2001
3003,11.2,Hydroelectric,35.8693,-95.2269,OK,2001
3004,19.5,Hydroelectric,35.595,-95.0511,OK,2001
3013,130.5,Hydroelectric,45.2439,-116.7008,OR,2001
3014,47.5,Hydroelectric,44.971643,-116.83504199999999,OR,2001
3020,15.0,Hydroelectric,43.251244,-122.337924,OR,2001
3021,26.0,Hydroelectric,43.266894,-122.409807,OR,2001
3024,2.8,Hydroelectric,42.514575,-122.757062,OR,2001
3025,3.2,Hydroelectric,42.224847,-121.795496,OR,2001
3026,11.0,Hydroelectric,43.274221000000004,-122.448978,OR,2001
3028,39.9,Hydroelectric,42.093610999999996,-122.0703,OR,2001
3029,29.0,Hydroelectric,43.3558,-122.2494,OR,2001
3031,6.0,Hydroelectric,45.7043858,-121.50199209999998,OR,2001
3032,3.7,Hydroelectric,42.730717,-122.51512199999999,OR,2001
3033,16.0,Hydroelectric,42.731237,-122.513974,OR,2001
3034,7.2,Hydroelectric,42.730606,-122.41846000000001,OR,2001
3035,1.0,Hydroelectric,42.733073,-122.515079,OR,2001
3036,18.0,Hydroelectric,43.2939,-122.4728,OR,2001
3037,11.0,Hydroelectric,43.3061,-122.5014,OR,2001
3040,14.1,Hydroelectric,43.272729,-122.447498,OR,2001
3041,1.1,Hydroelectric,45.266702,-117.212732,OR,2001
3044,5.2,Hydroelectric,45.428326299999995,-122.23368119999999,OR,2001
3045,3.1,Hydroelectric,45.268045,-122.32009,OR,2001
3047,19.2,Hydroelectric,45.243287,-122.27995,OR,2001
3048,45.0,Hydroelectric,44.694373999999996,-121.231379,OR,2001
3049,3.3,Hydroelectric,45.299991,-122.350023,OR,2001
3050,82.3,Hydroelectric,44.605837,-121.27733400000001,OR,2001
3053,1.2,Hydroelectric,45.354003999999996,-122.618954,OR,2001
3067,39.9,Hydroelectric,44.285977,-122.041352,OR,2001
3068,6.0,Hydroelectric,44.1011,-122.6892,OR,2001
3071,8.0,Hydroelectric,44.069635999999996,-122.83504599999999,OR,2001
3074,18.0,Hydroelectric,44.7514,-122.2832,OR,2001
3075,13.1,Hydroelectric,45.6441,-121.94100900000001,OR,2001
3076,13.0,Hydroelectric,44.1307,-122.2439,OR,2001
3077,50.0,Hydroelectric,44.7224,-122.2511,OR,2001
3078,15.0,Hydroelectric,43.9242,-122.8055,OR,2001
3080,40.0,Hydroelectric,44.4494,-122.5494,OR,2001
3081,15.0,Hydroelectric,43.7107,-122.4238,OR,2001
3082,135.0,Hydroelectric,45.716440000000006,-120.69408,OR,2001
3083,40.0,Hydroelectric,43.9153,-122.7531,OR,2001
3084,70.0,Hydroelectric,45.9402,-119.2988,OR,2001
3117,19.6,Hydroelectric,40.113625,-76.71195,PA,2001
3124,10.0,Hydroelectric,41.192088,-79.433501,PA,2001
3145,10.4,Hydroelectric,39.827197999999996,-76.331772,PA,2001
3153,20.0,Hydroelectric,41.467858,-75.130895,PA,2001
3164,100.0,Hydroelectric,39.8076,-76.2993,PA,2001
3175,33.0,Hydroelectric,39.9244,-76.39,PA,2001
3245,1.5,Hydroelectric,41.778392100000005,-71.6410598,RI,2001
3253,0.7,Hydroelectric,34.455514,-82.199339,SC,2001
3254,5.0,Hydroelectric,34.1692,-81.9025,SC,2001
3255,15.0,Hydroelectric,34.5414,-80.8756,SC,2001
3256,15.0,Hydroelectric,34.5583,-80.8914,SC,2001
3257,9.3,Hydroelectric,34.6,-80.8928,SC,2001
3258,1.4,Hydroelectric,35.1381,-81.5975,SC,2001
3259,3.0,Hydroelectric,34.5592,-80.8917,SC,2001
3261,1.0,Hydroelectric,34.527475,-82.374964,SC,2001
3262,153.0,Hydroelectric,34.9594,-82.9147,SC,2001
3266,3.0,Hydroelectric,34.54,-80.8778,SC,2001
3267,0.6,Hydroelectric,34.852224,-82.483959,SC,2001
3270,11.2,Hydroelectric,34.3355,-80.7021,SC,2001
3271,15.0,Hydroelectric,35.0218,-81.0078,SC,2001
3272,3.0,Hydroelectric,35.0314,-81.4936,SC,2001
3275,4.2,Hydroelectric,34.7792,-81.4561,SC,2001
3283,1.6,Hydroelectric,33.9972,-81.0494,SC,2001
3289,1.3,Hydroelectric,34.6642,-81.4486,SC,2001
3290,2.4,Hydroelectric,34.26132,-81.33085200000001,SC,2001
3293,32.5,Hydroelectric,34.0533,-81.2172,SC,2001
3305,1.8,Hydroelectric,34.2572,-82.6097,SC,2001
3319,30.6,Hydroelectric,33.2422,-79.9875,SC,2001
3321,2.0,Hydroelectric,33.453759000000005,-80.163986,SC,2001
3323,40.0,Hydroelectric,33.6602,-82.1961,SC,2001
3356,112.0,Hydroelectric,44.4504,-100.3866,SD,2001
3373,40.0,Hydroelectric,43.0653,-98.5539,SD,2001
3375,67.2,Hydroelectric,44.0384,-99.4463,SD,2001
3394,52.2,Hydroelectric,35.167712,-84.295601,TN,2001
3395,26.4,Hydroelectric,36.4403,-82.4381,TN,2001
3397,33.4,Hydroelectric,36.168176,-83.49768,TN,2001
3398,39.9,Hydroelectric,35.101791,-85.229467,TN,2001
3400,31.5,Hydroelectric,35.9623,-83.5393,TN,2001
3401,29.7,Hydroelectric,36.4982,-82.5086,TN,2001
3402,35.5,Hydroelectric,35.7917,-84.2431,TN,2001
3404,15.3,Hydroelectric,35.806732000000004,-85.634063,TN,2001
3408,36.0,Hydroelectric,35.8853,-84.3003,TN,2001
3409,27.4,Hydroelectric,35.0017,-85.6218,TN,2001
3411,65.7,Hydroelectric,36.2242,-84.0914,TN,2001
3412,3.8,Hydroelectric,35.0947,-84.6478,TN,2001
3413,11.5,Hydroelectric,35.082271,-84.49115,TN,2001
3414,28.8,Hydroelectric,35.075,-84.4833,TN,2001
3415,40.0,Hydroelectric,35.0683,-88.2494,TN,2001
3416,38.5,Hydroelectric,36.523174,-82.090213,TN,2001
3417,45.0,Hydroelectric,35.1967,-86.2783,TN,2001
3418,28.8,Hydroelectric,36.3413,-82.1264,TN,2001
3420,33.4,Hydroelectric,35.619673,-84.785527,TN,2001
3421,1.2,Hydroelectric,34.883835999999995,-84.28206999999999,TN,2001
3423,33.3,Hydroelectric,36.289539000000005,-85.94416,TN,2001
3424,18.0,Hydroelectric,36.5378,-85.4517,TN,2001
3426,28.7,Hydroelectric,36.2972,-86.6556,TN,2001
3428,28.0,Hydroelectric,36.1564,-86.6186,TN,2001
3437,4.0,Hydroelectric,28.829534999999996,-100.552234,TX,2001
3557,12.5,Hydroelectric,32.872476,-98.425984,TX,2001
3581,1.4,Hydroelectric,29.593951,-98.040734,TX,2001
3582,1.8,Hydroelectric,29.640187,-98.045934,TX,2001
3583,2.4,Hydroelectric,29.495193,-97.624948,TX,2001
3584,2.4,Hydroelectric,29.4681,-97.4919,TX,2001
3585,1.2,Hydroelectric,29.537565,-97.932106,TX,2001
3586,2.4,Hydroelectric,29.548136,-97.999587,TX,2001
3594,8.0,Hydroelectric,30.293423999999998,-97.784408,TX,2001
3595,18.3,Hydroelectric,30.7507,-98.4176,TX,2001
3597,22.5,Hydroelectric,30.555999999999997,-98.3384,TX,2001
3598,15.0,Hydroelectric,30.731599,-98.38542199999999,TX,2001
3599,15.0,Hydroelectric,30.555288,-98.257593,TX,2001
3600,34.0,Hydroelectric,30.3899,-97.9073,TX,2001
3643,1.3,Hydroelectric,38.2683,-112.4806,UT,2001
3646,15.0,Hydroelectric,41.834702,-112.05211399999999,UT,2001
3651,2.0,Hydroelectric,40.619172999999996,-111.78208000000001,UT,2001
3655,2.4,Hydroelectric,40.315796,-111.65469099999999,UT,2001
3656,2.5,Hydroelectric,41.243643,-111.946478,UT,2001
3658,0.5,Hydroelectric,40.544942,-111.50291100000001,UT,2001
3659,1.0,Hydroelectric,40.6236,-111.7533,UT,2001
3661,3.8,Hydroelectric,41.137621,-111.884948,UT,2001
3666,0.6,Hydroelectric,41.501619,-111.99345,UT,2001
3676,1.0,Hydroelectric,39.255911,-111.62149099999999,UT,2001
3688,0.5,Hydroelectric,40.167136,-111.49946100000001,UT,2001
3691,1.7,Hydroelectric,40.080042,-111.604846,UT,2001
3697,2.0,Hydroelectric,41.136547,-111.831441,UT,2001
3698,1.9,Hydroelectric,40.7904,-111.4043,UT,2001
3699,1.4,Hydroelectric,37.9858,-111.4383,UT,2001
3704,0.6,Hydroelectric,40.53796,-110.06676000000002,UT,2001
3709,0.5,Hydroelectric,43.9921,-72.1282,VT,2001
3710,0.6,Hydroelectric,43.381225,-72.598242,VT,2001
3711,3.0,Hydroelectric,44.6356,-73.12,VT,2001
3712,1.4,Hydroelectric,44.6534,-72.9961,VT,2001
3714,1.0,Hydroelectric,43.6368,-72.9758,VT,2001
3716,0.8,Hydroelectric,44.0249,-73.1768,VT,2001
3717,3.7,Hydroelectric,44.641433,-73.113364,VT,2001
3720,6.3,Hydroelectric,44.6381,-73.1625,VT,2001
3722,1.3,Hydroelectric,43.693999999999996,-72.955,VT,2001
3724,1.3,Hydroelectric,43.8954,-73.1007,VT,2001
3725,2.2,Hydroelectric,43.898584,-73.053125,VT,2001
3728,3.0,Hydroelectric,44.0661,-73.2158,VT,2001
3731,1.7,Hydroelectric,44.937579,-72.179968,VT,2001
3737,1.8,Hydroelectric,44.4821,-73.1164,VT,2001
3739,5.0,Hydroelectric,44.3606,-72.3356,VT,2001
3740,1.6,Hydroelectric,44.292390999999995,-72.6824,VT,2001
3743,1.0,Hydroelectric,44.4056,-72.1881,VT,2001
3745,13.6,Hydroelectric,43.1375,-72.4464,VT,2001
3746,11.2,Hydroelectric,42.7936,-72.9144,VT,2001
3750,1.1,Hydroelectric,44.999274,-71.530164,VT,2001
3753,0.7,Hydroelectric,44.887378999999996,-72.055357,VT,2001
3762,0.3,Hydroelectric,44.500221999999994,-71.998921,VT,2001
3764,0.6,Hydroelectric,44.561831,-72.602369,VT,2001
3765,0.8,Hydroelectric,44.577553,-72.611861,VT,2001
3772,2.8,Hydroelectric,36.8081,-80.9386,VA,2001
3773,5.4,Hydroelectric,36.7858,-80.9333,VA,2001
3774,18.7,Hydroelectric,37.075,-80.5847,VA,2001
3777,20.0,Hydroelectric,37.0933,-79.4025,VA,2001
3778,2.4,Hydroelectric,37.2544,-79.8756,VA,2001
3779,12.5,Hydroelectric,37.4639,-79.1856,VA,2001
3780,66.0,Hydroelectric,37.0413,-79.5356,VA,2001
3789,0.6,Hydroelectric,38.676667,-78.498888,VA,2001
3790,0.4,Hydroelectric,38.571389,-78.593611,VA,2001
3798,1.5,Hydroelectric,37.592887,-79.38082299999999,VA,2001
3821,2.5,Hydroelectric,37.5736,-79.3715,VA,2001
3825,3.7,Hydroelectric,36.666866,-80.447897,VA,2001
3826,1.3,Hydroelectric,36.664145,-79.883588,VA,2001
3827,1.0,Hydroelectric,37.078365999999995,-80.572726,VA,2001
3833,12.0,Hydroelectric,36.59943,-78.3005,VA,2001
3834,6.7,Hydroelectric,36.7803,-80.0281,VA,2001
3846,4.8,Hydroelectric,45.84823,-121.504883,WA,2001
3847,45.0,Hydroelectric,45.9567,-122.55444399999999,WA,2001
3848,1.4,Hydroelectric,46.73223370000001,-120.701035,WA,2001
3849,3.0,Hydroelectric,46.6978669,-120.65298429999999,WA,2001
3850,80.0,Hydroelectric,46.060833,-122.20166699999999,WA,2001
3852,67.0,Hydroelectric,45.96277,-122.335467,WA,2001
3854,6.0,Hydroelectric,46.990967,-122.174921,WA,2001
3855,64.0,Hydroelectric,48.5478,-121.7407,WA,2001
3860,1.5,Hydroelectric,47.54011,-121.83702,WA,2001
3861,47.2,Hydroelectric,48.648999999999994,-121.6907,WA,2001
3862,15.0,Hydroelectric,47.253614899999995,-122.2433332,WA,2001
3866,8.0,Hydroelectric,47.829665999999996,-117.91861999999999,WA,2001
3867,17.5,Hydroelectric,47.8367,-117.84,WA,2001
3868,0.8,Hydroelectric,48.5953,-118.0603,WA,2001
3869,3.3,Hydroelectric,47.774882,-117.544334,WA,2001
3878,3.0,Hydroelectric,46.974911999999996,-122.635795,WA,2001
3883,111.1,Hydroelectric,47.533611,-120.295278,WA,2001
3886,77.4,Hydroelectric,47.9469,-119.8653,WA,2001
3887,95.0,Hydroelectric,46.6451,-119.90799999999999,WA,2001
3888,103.8,Hydroelectric,46.8731,-119.9703,WA,2001
3891,15.0,Hydroelectric,48.780856,-117.41833700000001,WA,2001
3895,14.0,Hydroelectric,45.614,-121.1346,OR,2001
3913,25.0,Hydroelectric,46.8016,-122.3102,WA,2001
3914,21.6,Hydroelectric,47.4181,-123.2252,WA,2001
3915,27.0,Hydroelectric,47.3698,-123.1603,WA,2001
3916,6.0,Hydroelectric,46.8328,-122.3196,WA,2001
3917,40.5,Hydroelectric,46.5035,-122.5885,WA,2001
3918,150.0,Hydroelectric,46.5347,-122.4247,WA,2001
3921,88.2,Hydroelectric,47.9951,-119.6404,WA,2001
3925,90.0,Hydroelectric,46.249801,-118.87983799999999,WA,2001
3926,135.0,Hydroelectric,46.5838,-118.0273,WA,2001
3927,135.0,Hydroelectric,46.5635,-118.5397,WA,2001
3929,27.5,Hydroelectric,46.603964000000005,-121.658971,WA,2001
3971,1.4,Hydroelectric,44.4306,-89.7808,WI,2001
3972,1.2,Hydroelectric,44.6647,-89.6511,WI,2001
3973,0.8,Hydroelectric,44.5153,-89.585,WI,2001
3974,2.3,Hydroelectric,44.3939,-89.825,WI,2001
3975,1.2,Hydroelectric,44.4889,-89.5756,WI,2001
3983,3.0,Hydroelectric,45.491667,-91.0469,WI,2001
3986,1.0,Hydroelectric,45.464444,-91.083611,WI,2001
3988,0.7,Hydroelectric,45.411139,-91.218283,WI,2001
3989,0.5,Hydroelectric,46.498333,-90.903889,WI,2001
3996,0.1,Hydroelectric,45.763352600000005,-91.22147530000001,WI,2001
3998,2.0,Hydroelectric,44.9367,-91.8883,WI,2001
4000,3.6,Hydroelectric,44.9308,-91.3889,WI,2001
4002,2.0,Hydroelectric,44.828056,-91.511111,WI,2001
4007,11.3,Hydroelectric,45.223611,-91.127222,WI,2001
4008,24.8,Hydroelectric,45.051,-91.274,WI,2001
4009,2.7,Hydroelectric,44.884167,-91.92944399999999,WI,2001
4011,2.5,Hydroelectric,45.41167,-92.6469,WI,2001
4012,0.7,Hydroelectric,45.94794,-91.888374,WI,2001
4015,6.0,Hydroelectric,44.9378,-91.3406,WI,2001
4043,0.9,Hydroelectric,44.25393,-88.40956,WI,2001
4045,1.8,Hydroelectric,45.8275,-88.2483,WI,2001
4053,2.2,Hydroelectric,43.625845,-89.780764,WI,2001
4056,2.0,Hydroelectric,43.309932,-89.727778,WI,2001
4060,1.4,Hydroelectric,45.1875,-89.7553,WI,2001
4061,3.2,Hydroelectric,45.3569,-88.2306,WI,2001
4063,11.0,Hydroelectric,45.3019,-89.7917,WI,2001
4064,0.8,Hydroelectric,45.5711,-89.4806,WI,2001
4065,1.4,Hydroelectric,45.2794,-88.1997,WI,2001
4067,1.7,Hydroelectric,45.2875,-88.1603,WI,2001
4068,0.4,Hydroelectric,45.1786,-89.685,WI,2001
4071,0.5,Hydroelectric,45.1136,-87.7586,WI,2001
4074,1.9,Hydroelectric,45.2333,-88.0678,WI,2001
4075,1.3,Hydroelectric,45.4411,-89.7306,WI,2001
4077,1.8,Hydroelectric,44.9575,-89.6367,WI,2001
4079,3.0,Hydroelectric,43.8656,-89.9514,WI,2001
4080,5.0,Hydroelectric,44.0572,-90.0217,WI,2001
4102,0.1,Hydroelectric,45.40193,-91.84038199999999,WI,2001
4104,0.6,Hydroelectric,44.294683299999996,-90.8515311,WI,2001
4119,1.1,Hydroelectric,44.279897,-88.25558000000001,WI,2001
4120,1.8,Hydroelectric,44.2772,-88.2678,WI,2001
4121,1.0,Hydroelectric,44.2772,-88.2678,WI,2001
4122,0.6,Hydroelectric,44.3164,-88.3147,WI,2001
4133,0.2,Hydroelectric,44.8556873,-92.6342309,WI,2001
4142,5.0,Hydroelectric,45.491826,-91.047211,WI,2001
4147,0.5,Hydroelectric,44.8747,-88.1586,WI,2001
4176,33.4,Hydroelectric,42.4766,-106.795901,WY,2001
4177,19.0,Hydroelectric,42.467254,-104.955526,WY,2001
4178,3.2,Hydroelectric,42.289868,-104.760634,WY,2001
4180,12.0,Hydroelectric,42.174301,-106.88054299999999,WY,2001
4182,17.2,Hydroelectric,42.156127000000005,-106.908483,WY,2001
4183,3.0,Hydroelectric,44.502897,-109.181228,WY,2001
4185,10.0,Hydroelectric,42.027013000000004,-110.063973,WY,2001
4201,3.1,Hydroelectric,44.273511,-88.30054799999999,WI,2001
4204,2.4,Hydroelectric,44.418293,-111.395971,ID,2001
4213,23.7,Hydroelectric,45.481708000000005,-122.08318799999999,OR,2001
4214,11.8,Hydroelectric,45.448977,-122.151257,OR,2001
4215,18.9,Hydroelectric,44.694285799999996,-121.23199240000001,OR,2001
4249,1.0,Hydroelectric,44.761007899999996,-85.6205997,MI,2001
4258,23.4,Hydroelectric,38.6472,-82.8594,OH,2001
4263,1.7,Hydroelectric,40.964828000000004,-111.43393700000001,UT,2001
6006,23.7,Hydroelectric,38.9153,-81.9081,OH,2001
6012,7.2,Hydroelectric,42.7297,-72.9303,MA,2001
6047,1.6,Hydroelectric,42.573084,-72.707274,MA,2001
6083,1.6,Hydroelectric,42.5995,-72.7335,MA,2001
6086,10.0,Hydroelectric,45.164024,-91.157427,WI,2001
6087,52.2,Hydroelectric,33.3498,-83.1574,GA,2001
6100,351.0,Hydroelectric,37.029303999999996,-118.968252,CA,2001
6119,1.6,Hydroelectric,42.6198,-72.7376,MA,2001
6126,63.9,Hydroelectric,34.3061,-81.3308,SC,2001
6128,33.0,Hydroelectric,29.449827000000003,-101.06011,TX,2001
6130,125.0,Hydroelectric,34.6121,-84.6733,GA,2001
6131,20.5,Hydroelectric,32.324242,-86.784319,AL,2001
6132,75.0,Hydroelectric,34.0256,-82.5953,GA,2001
6133,3.3,Hydroelectric,32.918673999999996,-85.1887,GA,2001
6140,27.0,Hydroelectric,39.524791,-91.643969,MO,2001
6141,26.9,Hydroelectric,38.2623,-93.4062,MO,2001
6142,20.0,Hydroelectric,35.4693,-93.8175,AR,2001
6151,382.5,Hydroelectric,35.055795,-85.387934,TN,2001
6158,150.0,Hydroelectric,37.946927,-120.52821100000001,CA,2001
6159,28.0,Hydroelectric,38.510573,-107.625335,CO,2001
6163,10.0,Hydroelectric,47.957511,-118.977323,WA,2001
6167,350.1,Hydroelectric,38.208890000000004,-79.8,VA,2001
6168,1.0,Hydroelectric,38.06,-77.7897,VA,2001
6171,70.0,Hydroelectric,36.9614,-84.27,KY,2001
6172,105.0,Hydroelectric,48.4098,-115.3143,MT,2001
6174,24.5,Hydroelectric,42.6717,-122.6772,OR,2001
6175,135.0,Hydroelectric,46.659503,-117.42938500000001,WA,2001
6188,67.5,Hydroelectric,33.258281,-85.616047,AL,2001
6189,282.6,Hydroelectric,34.355538,-85.303942,GA,2001
6196,37.1,Hydroelectric,34.6853,-118.7881,CA,2001
6200,1.2,Hydroelectric,47.346111,-120.0917,WA,2001
6202,90.0,Hydroelectric,48.732577,-121.06788,WA,2001
6206,2.2,Hydroelectric,37.523720000000004,-107.78278600000002,CO,2001
6207,3.6,Hydroelectric,37.866,-107.8831,CO,2001
6208,100.0,Hydroelectric,39.094196999999994,-106.352331,CO,2001
6231,0.8,Hydroelectric,45.157552,-92.71621400000001,WI,2001
6265,35.0,Hydroelectric,46.0594,-122.2594,WA,2001
6280,4.0,Hydroelectric,36.658995000000004,-93.1235,MO,2001
6291,11.0,Hydroelectric,60.392331000000006,-149.665603,AK,2001
6302,1.3,Hydroelectric,55.091263,-131.54497800000001,AK,2001
6359,0.6,Hydroelectric,43.913476,-111.28331899999999,ID,2001
6378,0.4,Hydroelectric,42.149497,-72.610949,MA,2001
6379,1.5,Hydroelectric,42.160954,-72.507631,MA,2001
6388,1.3,Hydroelectric,42.608042,-72.561458,MA,2001
6393,0.5,Hydroelectric,42.905142,-110.893422,WY,2001
6395,20.0,Hydroelectric,43.357065999999996,-115.451517,ID,2001
6396,5.1,Hydroelectric,43.930462,-116.437172,ID,2001
6397,0.5,Hydroelectric,43.537684999999996,-116.093756,ID,2001
6398,2.7,Hydroelectric,42.669899,-113.483175,ID,2001
6400,16.6,Hydroelectric,46.649026,-111.727874,MT,2001
6402,9.3,Hydroelectric,33.153358000000004,-107.191973,NM,2001
6403,17.2,Hydroelectric,42.121168,-122.547896,OR,2001
6404,2.4,Hydroelectric,40.404354,-111.528446,UT,2001
6405,50.6,Hydroelectric,40.914646000000005,-109.42166200000001,UT,2001
6406,6.0,Hydroelectric,46.26678,-119.589821,WA,2001
6407,12.9,Hydroelectric,46.618413000000004,-120.477759,WA,2001
6408,5.0,Hydroelectric,44.513767,-109.12958799999998,WY,2001
6409,18.0,Hydroelectric,42.548412,-106.71753600000001,WY,2001
6410,10.5,Hydroelectric,26.5575,-99.1642,TX,2001
6413,26.0,Hydroelectric,31.060893,-94.1062,TX,2001
6414,15.0,Hydroelectric,31.8694,-97.3667,TX,2001
6415,50.0,Hydroelectric,34.1387,-94.6844,OK,2001
6416,35.0,Hydroelectric,33.8181,-96.5692,TX,2001
6417,45.0,Hydroelectric,36.0972,-85.8274,TN,2001
6418,12.0,Hydroelectric,36.3208,-87.2219,TN,2001
6419,30.0,Hydroelectric,35.3069,-95.3572,OK,2001
6421,33.0,Hydroelectric,43.280611,-122.40248000000001,OR,2001
6422,2.2,Hydroelectric,45.487869,-111.633807,MT,2001
6424,24.0,Hydroelectric,47.8347,-120.0133,WA,2001
6430,10.0,Hydroelectric,47.4193,-121.78185800000001,WA,2001
6431,36.8,Hydroelectric,48.675833000000004,-121.239167,WA,2001
6432,75.2,Hydroelectric,48.713853,-121.131736,WA,2001
6433,158.4,Hydroelectric,48.987111,-117.347847,WA,2001
6438,1.4,Hydroelectric,35.27127,-83.676016,NC,2001
6440,23.0,Hydroelectric,34.79782,-87.62536999999999,AL,2001
6449,3.0,Hydroelectric,34.1548,-117.9093,CA,2001
6450,1.6,Hydroelectric,43.662775,-73.034023,VT,2001
6451,4.1,Hydroelectric,44.0525,-73.1762,VT,2001
6456,1.3,Hydroelectric,43.6262,-73.3073,NY,2001
6459,1.7,Hydroelectric,48.0592,-114.0708,MT,2001
6475,3.0,Hydroelectric,44.489996999999995,-73.169312,VT,2001
6477,1.0,Hydroelectric,44.5464417,-72.4584429,VT,2001
6479,25.0,Hydroelectric,34.590183,-118.454676,CA,2001
6480,14.0,Hydroelectric,34.534337,-118.52511299999999,CA,2001
6482,1.0,Hydroelectric,44.2778,-121.2564,OR,2001
6483,2.6,Hydroelectric,44.2603,-72.0592,NH,2001
6484,0.2,Hydroelectric,44.062326,-121.313331,OR,2001
6486,1.0,Hydroelectric,44.6967,-73.6122,NY,2001
6505,25.5,Hydroelectric,45.122009000000006,-122.06987,OR,2001
6506,1.0,Hydroelectric,48.7339,-116.1752,ID,2001
6507,2.5,Hydroelectric,46.4492,-120.5342,WA,2001
6508,0.8,Hydroelectric,46.423133,-120.559997,WA,2001
6512,1.4,Hydroelectric,39.4199196,-120.03163729999999,CA,2001
6513,2.0,Hydroelectric,39.2851,-119.5933,NV,2001
6517,78.7,Hydroelectric,34.7981,-82.8872,SC,2001
6519,0.7,Hydroelectric,44.1664,-73.2575,VT,2001
6520,5.5,Hydroelectric,44.38126,-72.76769,VT,2001
6521,0.8,Hydroelectric,39.4625,-119.0667,NV,2001
6522,151.0,Hydroelectric,41.0006,-75.0314,NJ,2001
6526,1.3,Hydroelectric,44.5236,-73.4617,NY,2001
6527,11.0,Hydroelectric,43.318906,-73.920785,NY,2001
6529,4.1,Hydroelectric,42.87084,-72.92732,VT,2001
6531,2.4,Hydroelectric,39.3125,-119.585,NV,2001
6532,0.7,Hydroelectric,39.3022,-119.5604,NV,2001
6537,2.4,Hydroelectric,40.584984999999996,-111.800605,UT,2001
6543,0.5,Hydroelectric,39.493056,-77.826944,WV,2001
6544,0.5,Hydroelectric,39.605,-77.923055,WV,2001
6546,0.8,Hydroelectric,39.273056,-77.784444,WV,2001
6552,10.0,Hydroelectric,44.4146,-122.6712,OR,2001
6560,4.4,Hydroelectric,38.1944,-81.3706,WV,2001
6561,4.8,Hydroelectric,38.2526,-81.5695,WV,2001
6562,14.7,Hydroelectric,38.5274,-81.91391999999999,WV,2001
6580,1.0,Hydroelectric,55.37975,-131.470269,AK,2001
6581,2.1,Hydroelectric,55.381402,-131.51775800000001,AK,2001
6595,40.5,Hydroelectric,31.173484000000002,-93.565877,TX,2001
6612,46.7,Hydroelectric,38.864290000000004,-120.44433500000001,CA,2001
6618,1.1,Hydroelectric,44.933611,-73.05111099999999,VT,2001
6623,43.5,Hydroelectric,48.0122,-106.4123,MT,2001
6624,44.1,Hydroelectric,42.848828999999995,-97.48147900000001,SD,2001
6636,12.8,Hydroelectric,39.720278,-79.856111,PA,2001
6643,1.0,Hydroelectric,34.20795,-118.3516,CA,2001
6644,5.0,Hydroelectric,33.8553,-117.4537,CA,2001
6645,5.0,Hydroelectric,34.5148,-118.6092,CA,2001
6646,10.0,Hydroelectric,34.1275,-117.7958,CA,2001
6647,5.0,Hydroelectric,33.9117,-117.8192,CA,2001
6702,0.6,Hydroelectric,57.957197,-136.220095,AK,2001
6789,28.0,Hydroelectric,33.4261,-79.93,SC,2001
7012,8.0,Hydroelectric,43.468678999999995,-112.062499,ID,2001
7015,1.2,Hydroelectric,39.544108,-111.418727,UT,2001
7034,3.3,Hydroelectric,41.743728000000004,-111.783169,UT,2001
7040,10.8,Hydroelectric,35.351361,-94.294349,AR,2001
7042,0.5,Hydroelectric,60.612821999999994,-145.67941100000002,AK,2001
7044,1.2,Hydroelectric,44.095876000000004,-70.219009,ME,2001
7048,0.3,Hydroelectric,44.092904,-70.216965,ME,2001
7051,0.1,Hydroelectric,44.309692999999996,-72.575305,VT,2001
7056,4.4,Hydroelectric,44.359381,-72.81673,VT,2001
7066,3.0,Hydroelectric,39.470447,-120.10455,CA,2001
7072,10.9,Hydroelectric,34.307444,-117.323548,CA,2001
7079,8.2,Hydroelectric,42.766397,-114.90823600000002,ID,2001
7113,6.6,Hydroelectric,47.159553,-119.89630600000001,WA,2001
7115,1.0,Hydroelectric,46.5628,-87.5686,MI,2001
7116,4.0,Hydroelectric,46.5717,-87.4764,MI,2001
7118,2.0,Hydroelectric,46.3156,-87.5128,MI,2001
7125,266.2,Hydroelectric,35.0075,-82.9975,SC,2001
7127,12.8,Hydroelectric,47.385071999999994,-123.605225,WA,2001
7128,7.0,Hydroelectric,40.432915,-78.002887,PA,2001
7129,3.4,Hydroelectric,39.528749,-121.54635900000001,CA,2001
7132,1.8,Hydroelectric,41.254331,-111.848525,UT,2001
7135,10.8,Hydroelectric,35.127590999999995,-92.790273,AR,2001
7147,1.0,Hydroelectric,34.088019,-117.03953899999999,CA,2001
7148,1.5,Hydroelectric,34.030376000000004,-116.857142,CA,2001
7151,2.5,Hydroelectric,39.586864,-122.533248,CA,2001
7164,10.0,Hydroelectric,33.8447,-112.2714,AZ,2001
7166,22.7,Hydroelectric,34.7956,-92.3569,AR,2001
7168,1.0,Hydroelectric,55.116879000000004,-131.545879,AK,2001
7179,6.5,Hydroelectric,34.168264,-114.27735600000001,AZ,2001
7189,3.2,Hydroelectric,40.597617,-122.538683,CA,2001
7190,46.5,Hydroelectric,42.526786,-114.03688899999999,ID,2001
7191,2.2,Hydroelectric,33.989153,-83.498448,GA,2001
7200,4.0,Hydroelectric,30.7975,-94.1756,TX,2001
7229,6.1,Hydroelectric,39.814904999999996,-122.33233500000001,CA,2001
7233,27.6,Hydroelectric,38.973655,-104.901141,CO,2001
7246,36.0,Hydroelectric,33.986501000000004,-91.315788,AR,2001
7259,1.0,Hydroelectric,46.7844,-122.7197,WA,2001
7279,1.3,Hydroelectric,40.153328,-83.126719,OH,2001
7317,6.0,Hydroelectric,44.508169,-109.17066100000001,WY,2001
7338,22.0,Hydroelectric,39.889287,-121.279173,CA,2001
7367,63.0,Hydroelectric,59.77862,-150.94015,AK,2001
7372,1.2,Hydroelectric,37.57522,-108.57400200000001,CO,2001
7373,11.4,Hydroelectric,37.429538,-108.574871,CO,2001
7394,0.5,Hydroelectric,29.497165999999996,-97.45515999999999,TX,2001
7395,0.0,Hydroelectric,43.7050732,-71.6295214,NH,2001
7427,35.0,Hydroelectric,46.4661,-122.1097,WA,2001
7431,6.5,Hydroelectric,45.614375,-121.136885,OR,2001
7453,121.5,Hydroelectric,38.1958098,-120.32684170000002,CA,2001
7458,5.0,Hydroelectric,39.363087,-106.82193000000001,CO,2001
7474,1.1,Hydroelectric,41.787115,-89.677526,IL,2001
7489,1.0,Hydroelectric,39.197222,-123.185556,CA,2001
7493,0.8,Hydroelectric,55.061682999999995,-162.3103,AK,2001
7507,2.0,Hydroelectric,39.53,-121.09583300000001,CA,2001
7508,12.0,Hydroelectric,45.081111,-121.88661100000002,OR,2001
7511,10.0,Hydroelectric,45.940034000000004,-119.29907800000001,OR,2001
7541,4.5,Hydroelectric,44.512699,-109.129878,WY,2001
7545,25.6,Hydroelectric,36.6994,-96.9278,OK,2001
7548,1.5,Hydroelectric,41.297228999999994,-111.588849,UT,2001
7583,1.0,Hydroelectric,44.3083,-75.3083,NY,2001
7588,47.5,Hydroelectric,47.9084,-121.8144,WA,2001
7593,8.0,Hydroelectric,36.592775,-106.73213,NM,2001
7594,21.0,Hydroelectric,39.1192,-81.7375,OH,2001
7646,5.0,Hydroelectric,38.513056,-122.104444,CA,2001
7657,0.7,Hydroelectric,41.237206,-84.39975600000001,OH,2001
7751,4.0,Hydroelectric,59.5357,-135.2123,AK,2001
7752,4.5,Hydroelectric,55.5632,-135.8917,AK,2001
7789,6.3,Hydroelectric,36.239886,-106.42304299999999,NM,2001
7807,1.1,Hydroelectric,39.4128,-84.5558,OH,2001
7810,0.1,Hydroelectric,42.7019,-89.8697,WI,2001
7820,8.0,Hydroelectric,45.7881,-88.0408,MI,2001
7821,1.7,Hydroelectric,45.7881,-88.0408,MI,2001
7822,2.4,Hydroelectric,44.274582,-88.319074,WI,2001
7862,3.0,Hydroelectric,60.588685999999996,-145.604539,AK,2001
7867,5.6,Hydroelectric,47.5445,-121.8414,WA,2001
7907,55.0,Hydroelectric,36.8326,-119.32700000000001,CA,2001
7911,9.5,Hydroelectric,35.44072,-118.796498,CA,2001
7942,3.2,Hydroelectric,33.6808,-117.0698,CA,2001
8004,11.2,Hydroelectric,42.685681,-72.977634,MA,2001
8005,300.0,Hydroelectric,42.6839,-72.9599,MA,2001
8225,220.0,Hydroelectric,41.8389,-79.0056,PA,2001
8902,2.4,Hydroelectric,36.01551,-114.738006,AZ,2001
9095,14.8,Hydroelectric,47.661753999999995,-117.42391299999998,WA,2001
9096,10.0,Hydroelectric,47.663086,-117.41491699999999,WA,2001
9842,2.3,Hydroelectric,48.675944,-121.240826,WA,2001
9864,0.8,Hydroelectric,42.2,-72.61,MA,2001
10014,45.0,Hydroelectric,43.528,-116.0583,ID,2001
10025,0.4,Hydroelectric,43.1989,-77.6319,NY,2001
10028,2.7,Hydroelectric,43.909653000000006,-111.285421,ID,2001
10036,0.6,Hydroelectric,43.11391,-71.894001,NH,2001
10049,0.3,Hydroelectric,42.629637,-114.66162,ID,2001
10051,0.6,Hydroelectric,35.6184,-79.0912,NC,2001
10059,1.7,Hydroelectric,43.2597,-70.8597,NH,2001
10063,4.0,Hydroelectric,41.324308,-73.102111,CT,2001
10066,0.8,Hydroelectric,44.5467,-69.6292,ME,2001
10070,3.1,Hydroelectric,39.4588,-105.0657,CO,2001
10073,0.5,Hydroelectric,21.9740621,-159.3690097,HI,2001
10081,1.0,Hydroelectric,39.4326,-105.1263,CO,2001
10109,1.7,Hydroelectric,43.446107,-71.644646,NH,2001
10116,3.4,Hydroelectric,44.296544,-75.36645,NY,2001
10121,1.4,Hydroelectric,33.816547,-83.504932,GA,2001
10124,0.5,Hydroelectric,44.296453,-75.33614200000001,NY,2001
10128,1.0,Hydroelectric,40.37,-123.4347,CA,2001
10137,2.5,Hydroelectric,43.6411,-72.4061,VT,2001
10138,2.0,Hydroelectric,45.206340999999995,-109.1652,MT,2001
10139,5.9,Hydroelectric,35.6439,-118.4822,CA,2001
10140,2.6,Hydroelectric,44.027444,-112.719439,ID,2001
10152,0.7,Hydroelectric,40.540042,-78.034628,PA,2001
10155,3.0,Hydroelectric,37.220896,-77.52450400000001,VA,2001
10162,1.3,Hydroelectric,33.934725,-116.640548,CA,2001
10171,0.7,Hydroelectric,41.979003000000006,-91.671533,IA,2001
10173,4.3,Hydroelectric,35.0642,-81.5458,SC,2001
10179,0.2,Hydroelectric,42.7009442,-71.1625517,MA,2001
10181,0.8,Hydroelectric,35.6497,-82.5992,NC,2001
10183,3.0,Hydroelectric,42.750278,-71.505278,NH,2001
10186,3.0,Hydroelectric,44.7975,-69.8867,ME,2001
10196,12.6,Hydroelectric,43.610664,-75.341325,NY,2001
10197,3.6,Hydroelectric,44.158611,-75.70877800000001,NY,2001
10214,3.2,Hydroelectric,44.6694,-73.5075,NY,2001
10218,2.9,Hydroelectric,43.4833,-73.7986,NY,2001
10219,1.1,Hydroelectric,43.098711,-73.52527099999999,NY,2001
10220,3.0,Hydroelectric,44.685589,-75.002868,NY,2001
10221,5.7,Hydroelectric,42.781779,-73.696096,NY,2001
10222,1.4,Hydroelectric,36.058634999999995,-118.924097,CA,2001
10237,1.8,Hydroelectric,44.151944,-75.321725,NY,2001
10238,5.0,Hydroelectric,43.090635,-74.766961,NY,2001
10253,5.0,Hydroelectric,39.565677,-120.58168400000001,CA,2001
10255,6.5,Hydroelectric,45.2497,-68.6483,ME,2001
10258,1.0,Hydroelectric,35.9483,-79.3244,NC,2001
10276,2.4,Hydroelectric,43.440538000000004,-71.595975,NH,2001
10279,0.3,Hydroelectric,38.974022,-95.235078,KS,2001
10282,5.0,Hydroelectric,40.646733000000005,-123.49800800000001,CA,2001
10285,2.6,Hydroelectric,40.733545,-80.31479499999999,PA,2001
10286,0.8,Hydroelectric,42.451921999999996,-76.48509200000001,NY,2001
10296,4.0,Hydroelectric,42.4937,-114.3102,ID,2001
10323,2.0,Hydroelectric,45.66523,-121.52376100000001,OR,2001
10324,1.8,Hydroelectric,45.667640000000006,-121.548455,OR,2001
10325,3.1,Hydroelectric,42.260844,-111.66558899999998,ID,2001
10412,1.1,Hydroelectric,21.936075,-159.528581,HI,2001
10413,1.8,Hydroelectric,22.196292,-159.556142,HI,2001
10421,1.8,Hydroelectric,39.6208,-106.0662,CO,2001
10422,3.0,Hydroelectric,40.035,-106.2053,CO,2001
10423,5.5,Hydroelectric,39.4616,-105.677,CO,2001
10433,0.5,Hydroelectric,41.944653,-75.617823,PA,2001
10453,0.2,Hydroelectric,45.8881,-92.31,WI,2001
10458,29.9,Hydroelectric,40.990868,-121.49791299999998,CA,2001
10467,3.3,Hydroelectric,42.787575,-73.691676,NY,2001
10487,2.2,Hydroelectric,48.608053999999996,-93.404313,MN,2001
10490,1.5,Hydroelectric,43.8850589,-75.4337444,NY,2001
10493,7.6,Hydroelectric,44.5486,-70.6283,ME,2001
10494,1.8,Hydroelectric,44.9108,-72.9736,VT,2001
10511,2.4,Hydroelectric,43.3084,-73.6376,NY,2001
10519,0.2,Hydroelectric,43.403087,-70.98647,NH,2001
10520,1.6,Hydroelectric,41.387792,-88.78965600000001,IL,2001
10523,3.5,Hydroelectric,44.580175,-69.55452,ME,2001
10526,5.0,Hydroelectric,44.2081,-72.0581,NH,2001
10530,1.0,Hydroelectric,43.289874,-73.665834,NY,2001
10531,4.0,Hydroelectric,43.9767,-75.9072,NY,2001
10538,0.5,Hydroelectric,44.003984,-76.04127700000001,NY,2001
10539,1.0,Hydroelectric,44.217420000000004,-75.79517299999999,NY,2001
10540,0.4,Hydroelectric,43.978626,-75.88610200000001,NY,2001
10544,0.8,Hydroelectric,44.311681,-75.444992,NY,2001
10545,1.5,Hydroelectric,43.899745,-75.660268,NY,2001
10546,0.4,Hydroelectric,40.744105,-80.317839,PA,2001
10547,1.2,Hydroelectric,44.522043,-75.188108,NY,2001
10550,1.8,Hydroelectric,35.394254,-81.201002,NC,2001
10555,3.6,Hydroelectric,45.6603,-69.812168,ME,2001
10556,7.5,Hydroelectric,42.652454,-71.322383,MA,2001
10570,3.0,Hydroelectric,44.786648,-71.12433,NH,2001
10608,2.2,Hydroelectric,44.4122,-71.7228,VT,2001
10613,3.0,Hydroelectric,45.1554,-67.4012,ME,2001
10656,0.3,Hydroelectric,41.8203,-86.2592,MI,2001
10660,1.6,Hydroelectric,40.30271629999999,-110.22216170000002,UT,2001
10686,1.9,Hydroelectric,47.234825,-93.53716899999999,MN,2001
10687,1.6,Hydroelectric,43.591246000000005,-75.344207,NY,2001
10694,0.8,Hydroelectric,42.163378,-72.82750899999999,MA,2001
10706,3.0,Hydroelectric,40.8579,-121.7225,CA,2001
10707,5.0,Hydroelectric,40.8713,-121.9487,CA,2001
10708,1.1,Hydroelectric,40.7576,-121.4145,CA,2001
10709,1.1,Hydroelectric,40.4579,-121.8427,CA,2001
10728,1.6,Hydroelectric,44.0867,-70.2297,ME,2001
10735,4.1,Hydroelectric,43.561001,-116.121269,ID,2001
10737,1.2,Hydroelectric,42.50136,-120.98943999999999,OR,2001
10740,3.0,Hydroelectric,43.2547,-114.3569,ID,2001
10752,3.8,Hydroelectric,43.849028999999994,-73.420701,NY,2001
10753,5.2,Hydroelectric,43.843869,-73.431207,NY,2001
10781,0.2,Hydroelectric,42.945664,-114.795698,ID,2001
10787,1.0,Hydroelectric,34.702021,-82.462102,SC,2001
10798,2.0,Hydroelectric,36.715103000000006,-80.985621,VA,2001
10799,2.0,Hydroelectric,34.642371000000004,-82.45444,SC,2001
10800,3.3,Hydroelectric,34.616521999999996,-82.447913,SC,2001
10801,3.0,Hydroelectric,34.404006,-82.233581,SC,2001
10806,2.3,Hydroelectric,42.622513,-114.50093000000001,ID,2001
10807,4.8,Hydroelectric,42.836046,-114.26795200000001,ID,2001
10808,2.8,Hydroelectric,42.477109999999996,-114.380118,ID,2001
10809,1.9,Hydroelectric,42.620723999999996,-114.531489,ID,2001
10817,0.5,Hydroelectric,43.585611,-75.338336,NY,2001
10823,1.0,Hydroelectric,42.3497,-70.9601,MA,2001
10824,3.5,Hydroelectric,42.38697,-71.802462,MA,2001
10825,1.6,Hydroelectric,42.40439,-71.687218,MA,2001
10826,1.2,Hydroelectric,42.2831,-72.3431,MA,2001
10848,1.2,Hydroelectric,41.559979999999996,-74.195154,NY,2001
10853,0.4,Hydroelectric,43.096677,-73.460172,NY,2001
10872,1.6,Hydroelectric,43.917266999999995,-75.633822,NY,2001
10880,1.8,Hydroelectric,40.8014,-121.4481,CA,2001
10881,2.0,Hydroelectric,40.882061,-121.948353,CA,2001
10882,6.8,Hydroelectric,40.874144,-121.920428,CA,2001
10902,1.7,Hydroelectric,42.9197,-76.5477,NY,2001
10903,8.0,Hydroelectric,41.5697,-88.0789,IL,2001
50010,0.3,Hydroelectric,38.1483,-81.2147,WV,2001
50011,25.5,Hydroelectric,38.1478,-81.1753,WV,2001
50031,1.5,Hydroelectric,42.721326,-73.68060799999999,NY,2001
50034,2.5,Hydroelectric,42.9044,-73.5625,NY,2001
50036,18.7,Hydroelectric,39.6672,-80.8642,WV,2001
50037,7.0,Hydroelectric,35.43,-118.8222,CA,2001
50047,0.5,Hydroelectric,44.503704,-70.22097099999999,ME,2001
50076,0.2,Hydroelectric,34.461667,-118.7511,CA,2001
50079,0.8,Hydroelectric,42.502472999999995,-74.98356,NY,2001
50080,5.1,Hydroelectric,44.477807,-70.20075899999999,ME,2001
50081,1.1,Hydroelectric,44.503431,-70.249137,ME,2001
50082,1.1,Hydroelectric,44.470511,-70.187333,ME,2001
50091,1.3,Hydroelectric,48.947741,-117.795376,WA,2001
50093,1.7,Hydroelectric,44.909915000000005,-74.085798,NY,2001
50095,0.1,Hydroelectric,44.8622,-71.3042,NH,2001
50103,1.8,Hydroelectric,43.128712,-71.459866,NH,2001
50105,0.9,Hydroelectric,45.555833,-122.494722,OR,2001
50123,1.2,Hydroelectric,42.712356,-73.957324,NY,2001
50126,1.2,Hydroelectric,43.5933,-72.3506,VT,2001
50128,2.5,Hydroelectric,38.923556,-122.56668,CA,2001
50129,1.4,Hydroelectric,39.0788,-122.535556,CA,2001
50147,1.4,Hydroelectric,33.051,-117.175,CA,2001
50156,3.2,Hydroelectric,40.534454,-121.95910900000001,CA,2001
50157,1.2,Hydroelectric,43.6773,-84.3802,MI,2001
50158,2.4,Hydroelectric,43.81399999999999,-84.3767,MI,2001
50159,1.2,Hydroelectric,44.0411,-84.3418,MI,2001
50160,1.2,Hydroelectric,43.9599,-84.336,MI,2001
50166,1.8,Hydroelectric,42.163378,-72.82750899999999,MA,2001
50175,2.0,Hydroelectric,36.696,-77.56,VA,2001
50176,1.3,Hydroelectric,44.510739,-73.91307900000001,NY,2001
50177,0.4,Hydroelectric,42.014466999999996,-71.5444,RI,2001
50178,0.8,Hydroelectric,36.7817,-78.9236,VA,2001
50179,2.5,Hydroelectric,41.2792,-122.3292,CA,2001
50180,5.0,Hydroelectric,40.670536,-121.89064499999999,CA,2001
50190,0.6,Hydroelectric,44.8867,-89.6272,WI,2001
50206,0.8,Hydroelectric,37.377715,-107.578745,CO,2001
50218,2.8,Hydroelectric,37.860653000000006,-120.879153,CA,2001
50219,5.3,Hydroelectric,37.830378,-120.806972,CA,2001
50223,1.2,Hydroelectric,41.028893,-121.892351,CA,2001
50228,1.6,Hydroelectric,47.7197,-122.9431,WA,2001
50233,1.0,Hydroelectric,34.124171000000004,-117.80509099999999,CA,2001
50242,0.7,Hydroelectric,33.570091999999995,-83.893919,GA,2001
50252,0.9,Hydroelectric,45.617996000000005,-94.200786,MN,2001
50261,4.0,Hydroelectric,39.463569,-119.06522700000001,NV,2001
50267,1.4,Hydroelectric,39.067347,-108.59279099999999,CO,2001
50268,3.0,Hydroelectric,44.705166999999996,-75.007933,NY,2001
50269,3.0,Hydroelectric,44.714518,-74.996581,NY,2001
50278,9.7,Hydroelectric,43.994729,-70.061921,ME,2001
50280,10.5,Hydroelectric,43.1033,-73.5369,NY,2001
50285,0.6,Hydroelectric,43.374292,-72.347603,NH,2001
50311,0.6,Hydroelectric,40.883345,-74.22999,NJ,2001
50312,2.7,Hydroelectric,43.130362,-71.453632,NH,2001
50315,1.0,Hydroelectric,44.931769,-74.11240699999999,NY,2001
50322,2.1,Hydroelectric,37.056803,-119.89970600000001,CA,2001
50323,0.3,Hydroelectric,42.636558,-114.55776399999999,ID,2001
50324,0.7,Hydroelectric,43.59,-71.73295,NH,2001
50328,0.8,Hydroelectric,44.5119,-92.9394,MN,2001
50333,1.2,Hydroelectric,21.9178,-159.6294,HI,2001
50350,13.3,Hydroelectric,39.869284,-121.63186499999999,CA,2001
50351,4.3,Hydroelectric,43.27456,-71.604027,NH,2001
50352,3.9,Hydroelectric,35.798576000000004,-120.88333100000001,CA,2001
50353,4.6,Hydroelectric,43.285761,-71.594962,NH,2001
50354,0.8,Hydroelectric,43.1853,-75.0169,NY,2001
50360,1.8,Hydroelectric,43.771896000000005,-117.155023,OR,2001
50361,4.3,Hydroelectric,43.641603,-117.24373999999999,OR,2001
50362,7.0,Hydroelectric,43.642022999999995,-117.232674,OR,2001
50375,1.2,Hydroelectric,34.2619,-118.6242,CA,2001
50380,2.0,Hydroelectric,47.6822,-117.3319,WA,2001
50382,2.2,Hydroelectric,46.088394,-118.25603899999999,WA,2001
50384,2.1,Hydroelectric,43.0168,-71.5679,NH,2001
50393,15.0,Hydroelectric,36.997694,-119.703451,CA,2001
50395,0.8,Hydroelectric,44.3142,-89.8964,WI,2001
50400,16.2,Hydroelectric,38.1861,-120.15,CA,2001
50408,0.4,Hydroelectric,45.1058,-87.6514,WI,2001
50409,0.4,Hydroelectric,45.1069,-87.6378,WI,2001
50414,3.4,Hydroelectric,43.283208,-71.600827,NH,2001
50416,0.3,Hydroelectric,43.98,-75.6131,NY,2001
50421,0.8,Hydroelectric,46.596413,-120.677489,WA,2001
50423,1.7,Hydroelectric,46.692628000000006,-120.73719399999999,WA,2001
50433,1.4,Hydroelectric,42.950641999999995,-85.48594399999999,MI,2001
50435,2.5,Hydroelectric,39.252672,-106.374808,CO,2001
50436,1.6,Hydroelectric,42.909408,-85.49888,MI,2001
50437,1.6,Hydroelectric,42.214264,-83.440692,MI,2001
50439,0.3,Hydroelectric,44.8719,-88.1439,WI,2001
50447,0.6,Hydroelectric,43.684857,-70.35315200000001,ME,2001
50461,1.5,Hydroelectric,45.637537,-84.481387,MI,2001
50468,0.6,Hydroelectric,35.960058000000004,-77.802435,NC,2001
50476,1.0,Hydroelectric,45.4431,-89.7342,WI,2001
50479,0.2,Hydroelectric,37.534,-79.357,VA,2001
50512,14.5,Hydroelectric,44.000608,-75.961156,NY,2001
50513,1.8,Hydroelectric,43.899115,-75.05135600000001,NY,2001
50514,2.5,Hydroelectric,43.160868,-73.584076,NY,2001
50539,0.5,Hydroelectric,44.1706,-72.0994,VT,2001
50544,0.3,Hydroelectric,48.0931,-122.7958,WA,2001
50545,7.4,Hydroelectric,42.6994,-71.1653,MA,2001
50546,3.6,Hydroelectric,39.448352,-120.65341699999999,CA,2001
50601,0.1,Hydroelectric,42.138684999999995,-71.64133299999999,MA,2001
50614,2.2,Hydroelectric,44.7881,-89.6917,WI,2001
50636,0.5,Hydroelectric,46.3758,-94.1817,MN,2001
50639,1.8,Hydroelectric,46.7243,-92.4298,MN,2001
50652,1.5,Hydroelectric,43.618874,-75.30546,NY,2001
50688,1.2,Hydroelectric,44.221796000000005,-69.785675,ME,2001
50699,1.5,Hydroelectric,45.1868,-68.4649,ME,2001
50700,0.2,Hydroelectric,47.4706,-123.1153,WA,2001
50702,0.4,Hydroelectric,43.226977000000005,-70.810888,ME,2001
50704,1.3,Hydroelectric,43.251111,-70.84083299999999,NH,2001
50713,0.8,Hydroelectric,44.0703,-73.1961,VT,2001
50718,1.0,Hydroelectric,42.954384000000005,-114.46256299999999,ID,2001
50741,3.5,Hydroelectric,44.632842,-71.24741999999999,NH,2001
50755,1.9,Hydroelectric,38.149582,-120.81494199999999,CA,2001
50758,12.3,Hydroelectric,43.957448,-70.024158,ME,2001
50759,2.2,Hydroelectric,43.982890000000005,-75.620583,NY,2001
50768,3.4,Hydroelectric,43.442468,-75.215946,NY,2001
50827,12.0,Hydroelectric,47.444554,-121.68781200000001,WA,2001
50832,1.2,Hydroelectric,42.159595,-72.58279,MA,2001
50890,0.2,Hydroelectric,35.771627,-82.61827,NC,2001
50891,2.6,Hydroelectric,45.217784,-116.31577,ID,2001
50892,1.5,Hydroelectric,38.78342,-120.77850600000001,CA,2001
50893,4.6,Hydroelectric,40.682875,-79.66529799999999,PA,2001
50894,4.6,Hydroelectric,40.716389,-79.57722199999999,PA,2001
50895,3.3,Hydroelectric,42.560876,-114.057461,ID,2001
50896,2.8,Hydroelectric,42.586701,-114.06753700000002,ID,2001
50897,6.8,Hydroelectric,40.896596,-79.47898199999999,PA,2001
50898,8.9,Hydroelectric,40.955961,-79.55068100000001,PA,2001
50917,2.0,Hydroelectric,45.480701,-121.59983999999999,OR,2001
50933,0.5,Hydroelectric,45.6394,-89.4205,WI,2001
50938,0.8,Hydroelectric,42.8489,-123.1778,OR,2001
50961,4.2,Hydroelectric,40.976859000000005,-122.456251,CA,2001
50972,1.6,Hydroelectric,42.625972,-112.149344,ID,2001
50980,2.7,Hydroelectric,44.033021999999995,-121.3297,OR,2001
50987,2.1,Hydroelectric,42.632483,-114.53876899999999,ID,2001
50999,6.7,Hydroelectric,44.9439,-70.9975,ME,2001
51033,7.5,Hydroelectric,41.859601,-74.51025899999999,NY,2001
51034,6.5,Hydroelectric,43.040335,-74.85062099999999,NY,2001
52033,1.2,Hydroelectric,44.285945,-72.710324,VT,2001
52036,6.1,Hydroelectric,39.801637,-79.368214,PA,2001
52039,2.3,Hydroelectric,37.1854,-113.3583,UT,2001
52049,0.7,Hydroelectric,34.9953,-81.8344,SC,2001
52054,3.4,Hydroelectric,44.092689,-94.108817,MN,2001
52057,0.4,Hydroelectric,43.033577,-74.983391,NY,2001
52058,0.7,Hydroelectric,44.704089,-75.487049,NY,2001
52068,3.6,Hydroelectric,40.915319000000004,-74.180986,NJ,2001
52155,1.0,Hydroelectric,44.597518,-122.685441,OR,2001
52166,0.6,Hydroelectric,42.15725,-72.42281,MA,2001
52171,1.5,Hydroelectric,44.086870000000005,-70.229294,ME,2001
52173,7.5,Hydroelectric,40.46439,-79.365703,PA,2001
52187,4.1,Hydroelectric,44.396815000000004,-122.350246,OR,2001
54006,9.6,Hydroelectric,46.12061,-111.407656,MT,2001
54017,3.9,Hydroelectric,34.204311,-117.85571399999999,CA,2001
54050,14.8,Hydroelectric,48.0022,-123.6002,WA,2001
54051,3.0,Hydroelectric,48.0949,-123.5574,WA,2001
54103,0.4,Hydroelectric,44.3364,-89.8672,WI,2001
54123,1.3,Hydroelectric,44.111236,-70.39067299999999,ME,2001
54124,1.0,Hydroelectric,44.721371000000005,-69.411992,ME,2001
54134,5.3,Hydroelectric,45.647179,-68.704368,ME,2001
54142,2.0,Hydroelectric,39.6419,-104.9138,CO,2001
54148,7.5,Hydroelectric,44.563031,-69.619162,ME,2001
54202,0.7,Hydroelectric,44.087963,-70.21236800000001,ME,2001
54242,2.1,Hydroelectric,32.7814,-117.0411,CA,2001
54249,18.0,Hydroelectric,48.959547,-116.557375,ID,2001
54251,4.3,Hydroelectric,44.49004,-121.29881200000001,OR,2001
54261,2.7,Hydroelectric,38.722141,-123.01118799999999,CA,2001
54267,12.0,Hydroelectric,48.680178000000005,-121.723294,WA,2001
54283,1.3,Hydroelectric,35.484488,-94.39285799999999,AR,2001
54285,2.2,Hydroelectric,44.760249,-92.867743,MN,2001
54301,1.5,Hydroelectric,42.007778,-73.0356,CT,2001
54302,1.6,Hydroelectric,41.988611,-73.0194,CT,2001
54303,0.1,Hydroelectric,42.0237077,-71.9497954,CT,2001
54306,4.2,Hydroelectric,42.6289,-114.1748,ID,2001
54308,1.3,Hydroelectric,40.199822,-123.523145,CA,2001
54322,0.6,Hydroelectric,33.487881,-81.99252,GA,2001
54340,2.8,Hydroelectric,45.1025,-83.5189,MI,2001
54341,0.6,Hydroelectric,45.0933,-83.5025,MI,2001
54342,0.4,Hydroelectric,45.0717,-83.4381,MI,2001
54343,17.0,Hydroelectric,36.4156,-119.0069,CA,2001
54355,2.5,Hydroelectric,44.49,-73.1875,VT,2001
54384,1.0,Hydroelectric,43.1897,-71.7483,NH,2001
54385,0.8,Hydroelectric,41.3686,-73.0856,CT,2001
54386,2.8,Hydroelectric,43.425228000000004,-114.02559699999999,ID,2001
54387,4.3,Hydroelectric,47.433479999999996,-121.6483,WA,2001
54391,1.5,Hydroelectric,44.519153,-73.464752,NY,2001
54394,3.6,Hydroelectric,44.027444,-112.719439,ID,2001
54395,1.7,Hydroelectric,42.937465,-73.654393,NY,2001
54418,0.7,Hydroelectric,43.236111,-70.817222,NH,2001
54462,0.6,Hydroelectric,33.477027,-81.982732,GA,2001
54470,4.2,Hydroelectric,32.470387,-84.99700000000001,GA,2001
54471,0.5,Hydroelectric,43.633373,-72.317162,NH,2001
54514,1.3,Hydroelectric,42.69984,-114.822603,ID,2001
54524,4.7,Hydroelectric,43.904084999999995,-116.244193,ID,2001
54525,0.4,Hydroelectric,41.1128,-87.8681,IL,2001
54548,3.3,Hydroelectric,43.980806,-75.624677,NY,2001
54554,2.7,Hydroelectric,38.3914,-120.0008,CA,2001
54555,126.5,Hydroelectric,38.144636,-120.38049699999999,CA,2001
54558,3.8,Hydroelectric,42.6051,-114.09299999999999,ID,2001
54572,0.3,Hydroelectric,43.473238,-71.53362299999999,NH,2001
54573,1.0,Hydroelectric,41.598395000000004,-73.922036,NY,2001
54580,2.6,Hydroelectric,43.2469,-73.8281,NY,2001
54639,1.2,Hydroelectric,44.3889,-71.1645,NH,2001
54652,1.0,Hydroelectric,48.706502,-122.17876840000001,WA,2001
54653,1.1,Hydroelectric,39.558896999999995,-121.296117,CA,2001
54654,4.9,Hydroelectric,40.0941,-123.508983,CA,2001
54655,1.5,Hydroelectric,36.576778000000004,-79.432503,VA,2001
54668,4.5,Hydroelectric,44.0597,-111.3535,ID,2001
54674,0.4,Hydroelectric,46.383828,-115.94933799999998,ID,2001
54675,0.5,Hydroelectric,35.1103,-81.9675,SC,2001
54678,24.0,Hydroelectric,31.088010999999998,-91.618853,LA,2001
54680,3.0,Hydroelectric,40.0111,-105.3347,CO,2001
54688,1.2,Hydroelectric,41.99897,-71.517434,RI,2001
54691,0.5,Hydroelectric,43.8860855,-75.4285818,NY,2001
54721,19.6,Hydroelectric,44.724242,-121.247729,OR,2001
54729,2.3,Hydroelectric,40.106269,-108.711161,CO,2001
54753,2.4,Hydroelectric,42.647376,-114.89031000000001,ID,2001
54772,6.9,Hydroelectric,43.304413000000004,-73.63993,NY,2001
54801,0.9,Hydroelectric,36.423715,-79.952494,NC,2001
54812,0.7,Hydroelectric,42.740139,-114.161173,ID,2001
54827,5.2,Hydroelectric,19.712994000000002,-155.14857,HI,2001
54857,1.8,Hydroelectric,45.7725,-87.9936,WI,2001
54860,3.7,Hydroelectric,47.534465000000004,-121.702596,WA,2001
54865,1.7,Hydroelectric,43.227058,-76.302137,NY,2001
54872,1.0,Hydroelectric,33.689362,-83.99033299999999,GA,2001
54878,0.4,Hydroelectric,44.336358000000004,-75.50274,NY,2001
54885,0.7,Hydroelectric,44.519444,-88.33198780000001,WI,2001
54894,24.7,Hydroelectric,35.4189,-80.0917,NC,2001
54895,9.0,Hydroelectric,35.3944,-80.0753,NC,2001
54896,11.0,Hydroelectric,35.6008,-80.2339,NC,2001
54897,14.0,Hydroelectric,35.4856,-80.1758,NC,2001
54898,22.5,Hydroelectric,35.4475,-83.8639,NC,2001
54899,20.0,Hydroelectric,35.4478,-83.9383,NC,2001
54900,40.5,Hydroelectric,35.4923,-83.9806,TN,2001
54901,16.6,Hydroelectric,35.5453,-84.0503,TN,2001
54953,22.0,Hydroelectric,43.2958,-73.5956,NY,2001
54969,0.6,Hydroelectric,41.845306,-89.481286,IL,2001
54981,0.3,Hydroelectric,42.205236,-72.592862,MA,2001
55000,0.5,Hydroelectric,29.129714,-97.311236,TX,2001
55007,0.1,Hydroelectric,42.59483,-114.435295,ID,2001
55009,2.6,Hydroelectric,40.846806,-121.956446,CA,2001
55288,0.6,Hydroelectric,45.6072,-68.5453,ME,2001
55684,1.0,Hydroelectric,45.8683,-90.5844,WI,2001
55685,0.4,Hydroelectric,45.913526,-90.44745999999999,WI,2001
55860,0.6,Hydroelectric,41.798656,-71.886759,CT,2001
55862,0.9,Hydroelectric,20.80126,-156.4935185,HI,2001
55864,1.5,Hydroelectric,20.8886,-156.3569,HI,2001
55931,3.3,Hydroelectric,39.991310999999996,-105.50003000000001,CO,2001
55932,20.0,Hydroelectric,39.999681,-105.3868456,CO,2001
55967,1.0,Hydroelectric,44.9167,-68.6333,ME,2001
466,10.0,Hydroelectric,40.004725,-105.332495,CO,2002
903,0.6,Hydroelectric,42.4511,-89.0756,IL,2002
3675,0.7,Hydroelectric,41.746364,-111.746023,UT,2002
3995,0.6,Hydroelectric,45.7517,-91.2028,WI,2002
4018,0.4,Hydroelectric,45.9467,-92.5383,WI,2002
4019,0.1,Hydroelectric,46.0,-92.3725,WI,2002
4044,0.4,Hydroelectric,44.8764,-88.1475,WI,2002
50492,1.5,Hydroelectric,32.679171999999994,-117.246698,CA,2002
55863,0.9,Hydroelectric,20.869529999999997,-156.45416540000002,HI,2002
474,0.7,Hydroelectric,38.53419,-106.18200300000001,CO,2003
56125,1.0,Hydroelectric,34.2253,-119.0858,CA,2003
10851,0.3,Hydroelectric,40.6532255,-75.1008533,NJ,2004
54679,3.5,Hydroelectric,40.0111,-105.3347,CO,2004
56313,0.5,Hydroelectric,37.5035,-79.3006,VA,2004
56314,0.6,Hydroelectric,37.5035,-79.3006,VA,2004
1771,8.9,Hydroelectric,45.771667,-87.06392199999999,MI,2005
56265,2.0,Hydroelectric,55.5539,-135.8996,AK,2005
56333,40.0,Hydroelectric,38.21921,-80.89061,WV,2005
56498,1.7,Hydroelectric,43.460012,-116.47254,ID,2006
56499,7.5,Hydroelectric,48.318000000000005,-111.1018,MT,2006
56567,0.3,Hydroelectric,32.678967,-115.4987713,CA,2006
6394,0.4,Hydroelectric,42.728439,-110.916592,WY,2007
10424,7.8,Hydroelectric,39.9456,-105.3565,CO,2007
56615,4.6,Hydroelectric,32.93695,-117.11366899999999,CA,2007
56694,6.1,Hydroelectric,46.7392,-119.1122,WA,2007
56695,46.0,Hydroelectric,47.5025,-119.2917,WA,2007
56696,2.2,Hydroelectric,46.378381,-119.254522,WA,2007
56697,2.3,Hydroelectric,46.378469,-119.254443,WA,2007
56698,26.8,Hydroelectric,47.6164,-119.2992,WA,2007
56703,1.0,Hydroelectric,43.618629999999996,-75.358577,NY,2007
56704,2.0,Hydroelectric,43.612619,-75.339072,NY,2007
56705,0.5,Hydroelectric,43.614218,-75.332705,NY,2007
56936,2.4,Hydroelectric,43.308505,-73.636584,NY,2007
56542,3.0,Hydroelectric,59.4072,-135.3408,AK,2008
56978,0.4,Hydroelectric,41.4614,-90.5803,IL,2008
57069,4.5,Hydroelectric,44.9156,-93.1994,MN,2008
57085,14.3,Hydroelectric,58.2325,-134.0533,AK,2009
57160,4.3,Hydroelectric,35.757401,-91.636887,AR,2009
57161,3.5,Hydroelectric,35.744036,-91.76541800000001,AR,2009
57162,4.3,Hydroelectric,35.84361,-91.850521,AR,2009
57184,0.5,Hydroelectric,44.8803,-68.6647,ME,2009
57190,1.9,Hydroelectric,45.7736,-87.9894,WI,2009
56997,7.5,Hydroelectric,43.595,-115.9233,ID,2010
57364,2.2,Hydroelectric,32.7792,-114.6344,CA,2010
57437,5.0,Hydroelectric,44.142697999999996,-121.269747,OR,2010
57496,6.9,Hydroelectric,46.658,-121.1287,WA,2010
57551,2.9,Hydroelectric,44.7264,-108.8644,WY,2010
7183,0.4,Hydroelectric,59.89905400000001,-154.698735,AK,2011
57665,0.6,Hydroelectric,44.978889,-93.247777,MN,2011
57690,5.3,Hydroelectric,47.605278000000006,-112.096944,MT,2011
57763,7.5,Hydroelectric,47.7916,-121.8,WA,2011
57854,1.8,Hydroelectric,34.194444,-118.39028,CA,2011
57729,21.0,Hydroelectric,33.058611,-117.119444,CA,2012
58120,0.5,Hydroelectric,45.209167,-109.144167,MT,2012
58277,1.3,Hydroelectric,20.886667000000003,-156.33777800000001,HI,2012
58390,2.2,Hydroelectric,35.654722,-79.068333,NC,2012
58438,2.0,Hydroelectric,44.478333,-103.854722,SD,2012
58470,1.1,Hydroelectric,42.165833,-121.685,OR,2012
58257,1.1,Hydroelectric,34.921389000000005,-81.74555600000001,SC,2013
58384,1.1,Hydroelectric,43.625,-116.899722,ID,2013
58392,2.0,Hydroelectric,46.2275,-113.294722,MT,2013
58606,0.8,Hydroelectric,35.644166999999996,-118.48166699999999,CA,2013
58622,1.3,Hydroelectric,40.324166999999996,-105.20888899999999,CO,2013
58678,0.9,Hydroelectric,44.27,-75.199167,NY,2013
58679,0.6,Hydroelectric,44.214444,-74.991389,NY,2013
58685,6.7,Hydroelectric,40.921110999999996,-79.281667,PA,2013
58696,1.5,Hydroelectric,48.907778,-121.814167,WA,2013
58712,0.2,Hydroelectric,43.446111,-71.644444,NH,2013
58783,4.0,Hydroelectric,38.483333,-107.755,CO,2013
58784,3.5,Hydroelectric,38.470278,-107.77138899999999,CO,2013
58873,3.0,Hydroelectric,42.351389000000005,-73.733889,NY,2013
59438,1.3,Hydroelectric,44.884444,-68.663889,ME,2014
59437,0.8,Hydroelectric,44.912667,-68.68383299999999,ME,2014
58901,7.2,Hydroelectric,38.239167,-107.75805600000001,CO,2014
56893,1.2,Hydroelectric,44.018333,-111.583611,ID,2014
59357,1.4,Hydroelectric,43.786667,-122.958056,OR,2014
59428,1.4,Hydroelectric,40.526389,-123.72555600000001,CA,2014
58455,1.0,Hydroelectric,44.528056,-121.152778,OR,2015
58977,3.9,Hydroelectric,55.328056000000004,-131.530833,AK,2015
56872,35.0,Hydroelectric,38.791431,-84.17298199999999,KY,2016
57399,29.3,Hydroelectric,37.899722,-86.705833,KY,2016
57401,22.0,Hydroelectric,39.35776,-81.31795,WV,2016
58982,6.5,Hydroelectric,61.084444,-146.35333300000002,AK,2016
59040,0.2,Hydroelectric,43.126944,-72.776111,VT,2016
59836,4.6,Hydroelectric,45.872778000000004,-88.070833,WI,2016
60119,1.2,Hydroelectric,40.1464,-105.8683,CO,2016
61000,0.7,Hydroelectric,33.485245,-81.991203,GA,2016
61166,11.3,Hydroelectric,56.216403,-131.504344,AK,2016
61189,2.8,Hydroelectric,38.491966,-108.002283,CO,2016
61190,4.8,Hydroelectric,38.450483,-107.77672700000001,CO,2016
61207,1.5,Hydroelectric,42.748106,-73.69022,NY,2016
61217,1.2,Hydroelectric,42.7628,-114.3958,ID,2016
61355,1.3,Hydroelectric,32.639069,-97.242906,TX,2016
57400,25.3,Hydroelectric,37.169636,-88.41951800000001,KY,2017
61191,2.4,Hydroelectric,38.404377000000004,-107.81021299999999,CO,2017
61640,1.5,Hydroelectric,42.221412,-72.85964,MA,2017
61641,1.7,Hydroelectric,42.915299,-76.78671999999999,NY,2017
61642,0.5,Hydroelectric,42.901914,-76.86233,NY,2017
61688,1.3,Hydroelectric,43.0451,-114.5588,ID,2017
61853,6.5,Hydroelectric,40.596605,-111.42358899999999,UT,2017
60418,6.0,Hydroelectric,47.6008,-121.68861000000001,WA,2018
60517,6.0,Hydroelectric,47.5722,-121.6897,WA,2018
60868,1.2,Hydroelectric,45.370546000000004,-121.756527,OR,2018
62322,2.0,Hydroelectric,42.876535,-73.68016899999999,NY,2018
